OBJECTID;HR_UID;Province;ENGNAME;FRENAME;CaseCount;Deaths;Recovered;Tests;TotalPop2019;Pop0to4_2019;Pop5to9_2019;Pop10to14_2019;Pop15to19_2019;Pop20to24_2019;Pop25to29_2019;Pop30to34_2019;Pop35to39_2019;Pop40to44_2019;Pop45to49_2019;Pop50to54_2019;Pop55to59_2019;Pop60to64_2019;Pop65to69_2019;Pop70to74_2019;Pop75to79_2019;Pop80to84_2019;Pop85Older;AverageAge_2019;MedianAge_2019;Last_Updated;SourceURL;GlobalID;SHAPE_Length;SHAPE_Area
1;3537;ON;City of Hamilton Health Unit;Circonscription sanitaire de la cité de Hamilton;53700;536;29627;1115886;576272;29112;29657;30046;31372;39353;44925;41624;38470;35351;35401;38522;42483;38399;30989;25528;17609;12640;14790;41.4;40.5;2022/04/15 14:00:00+00;https://www.hamilton.ca/coronavirus/status-cases;{9217ED6B-3462-4814-8954-C6F9E2A98495};1.8308244308725;0.127328892863281
2;3538;ON;Hastings and Prince Edward Counties Health Unit;Circonscription sanitaire des comtés de Hastings et Prince Edward;8806;51;8309;275017;144779;6581;6795;7268;7394;8067;8298;7544;7505;7513;8328;10364;12673;11905;10378;9289;6282;4381;4215;45.3;48.3;2022/04/15 14:00:00+00;https://hpepublichealth.ca/covid-19-cases/;{E7C3696B-1EF1-45BE-87DC-C0F6CF8B48CD};7.84438956029113;0.842561638810926
3;3539;ON;Huron Perth Public Health Unit;Circonscription sanitaire du comté de Huron Perth;6588;104;;;136672;7636;7775;8082;8098;8788;8484;7173;7154;7188;7566;8799;10700;9905;8893;7319;5369;3812;3933;42.75;43.95;2022/04/15 14:00:00+00;https://public.tableau.com/app/profile/huron.perth.public.health/viz/HPPHCOVID-19transitiondashboardv2/Counts;{B3413880-D660-43E0-B9E4-A327EF9812A8};3.93222792991595;0.625515328619815
4;3540;ON;Chatham-Kent Health Unit;Circonscription sanitaire de Chatham-Kent;7671;64;;171577;105303;5260;5534;5959;6125;6308;6118;5640;5685;5408;6024;7071;8571;8304;7030;5993;4127;2990;3156;43.7;45.5;2022/04/15 14:00:00+00;https://ckphu.com/current-situation-in-chatham-kent-and-surrounding-areas/;{AFE08E09-8E88-47B9-B59A-FF67649ED91F};3.01844316733161;0.278637175149553
5;3541;ON;Kingston, Frontenac and Lennox and Addington Health Unit;Circonscription sanitaire de Kingston, Frontenac et Lennox et Addington;14341;43;13654;475798;206768;9349;9361;9770;9830;12903;16470;14908;13325;12155;12150;13629;16176;14361;12710;11036;7795;5242;5596;43.3;43.1;2022/04/15 14:00:00+00;https://www.kflaph.ca/en/healthy-living/status-of-cases-in-kfla.aspx;{50F7DA71-7EEC-421A-8B99-A5FE028E141A};7.50430897745956;0.816649636907826
6;3542;ON;Lambton Health Unit;Circonscription sanitaire de Lambton;10839;135;;;115985;5768;6003;6309;6327;7096;7297;6692;6343;6081;6386;7355;9011;9186;8108;6754;4615;3202;3452;43.7;45.1;2022/04/15 14:00:00+00;https://lambtonpublichealth.ca/2019-novel-coronavirus/summary-of-covid-19-cases-in-lambton-county/;{E99D80EC-ADF9-430D-8F53-7B598301DD71};4.08051009020492;0.326747886096219
7;3543;ON;Leeds, Grenville and Lanark District Health Unit;Circonscription sanitaire du district de Leeds, Grenville et Lanark;5212;97;;;153598;6934;7274;7756;8215;8578;8131;7317;7346;7639;9389;11435;13915;12878;11490;9868;6782;4326;4324;45.4;49.1;2022/04/15 14:00:00+00;https://healthunit.org/health-information/covid-19/local-cases-and-statistics/dashboard/;{76B4B133-0370-41C8-B224-D79176D97522};4.29602478641002;0.767402874231367
8;3544;ON;Middlesex-London Health Unit;Circonscription sanitaire de Middlesex-London;35468;366;33920;699456;492971;25884;25931;26098;26740;34396;39284;36564;33114;30069;29052;31619;35856;31859;26581;22213;15626;10403;11682;41;39.8;2022/04/15 14:00:00+00;https://app.powerbi.com/view?r=eyJrIjoiMzE5MzJlOTItOWE2ZS00MDNlLTlkNDEtMTcyYTg5OGFhMTFiIiwidCI6ImRjNTYxMjk1LTdjYTktNDFhOS04M2JmLTUwODM0ZDZhOWQwZiJ9;{D5679110-D0F6-4117-B15F-D428F8A60E70};3.46721121296523;0.368233533124779
9;6001;YT;Yukon;Yukon;4000;24;3903;31652;39469;2063;2317;2023;2081;2458;2861;2923;3066;3030;2805;2518;2939;2932;2336;1437;894;438;348;39.8;39.9;2022/04/14 14:00:00+00;https://covid-19-data-dashboard.service.yukon.ca/;{7477EB99-72E4-4F79-9C98-70DAF5DD9C81};61.8922469460755;87.6412123362752
10;6101;NT;Northwest Territories;Territoires du Nord-Ouest;11552;21;11140;;44078;3013;3162;3289;2413;3049;3663;3721;3561;3237;2773;2856;3342;2416;1579;838;568;339;259;35.4;34.6;2022/04/14 14:00:00+00;https://www.hss.gov.nt.ca/en/services/coronavirus-disease-covid-19;{E9785642-7570-488B-91CD-130B165F1459};469.012198839443;260.900621006448
11;6201;NU;Nunavut;Nunavut;3531;7;3435;38861;37226;4145;3770;3399;2919;2969;3175;3088;2816;2149;2045;1895;1880;1342;770;478;234;86;66;29.3;27.2;2022/04/14 14:00:00+00;https://www.gov.nu.ca/health/information/covid-19-novel-coronavirus;{E137C99D-1272-4C3F-8A1B-2FAEE23C73F9};1953.18497026105;516.65883260777
18;4831;AB;South Zone;South Zone;35924;369;;;326645;21810;21499;21272;20023;21129;22691;22548;22372;19972;18680;19037;22122;20774;16781;13385;9276;6377;6897;39.1;37.8;2022/04/14 14:00:00+00;https://www.alberta.ca/covid-19-alberta-data.aspx;{025A4BE2-0DC1-4481-BB88-132E6769DB20};17.8209130036424;8.26152970041142
19;4832;AB;Calgary Zone;Calgary Zone;222273;1130;;;1732180;104145;103488;100608;92863;103647;128867;149840;154242;135099;122493;110502;112498;100726;75514;55778;34742;22975;24153;38.4;37.7;2022/04/14 14:00:00+00;https://www.alberta.ca/covid-19-alberta-data.aspx;{0C5DA256-0D28-4515-9202-821412EA145E};18.0741247300533;5.0436980424073
20;4833;AB;Central Zone;Central Zone;56311;525;;;478882;31210;30843;30499;28674;29515;30992;32475;33631;30134;28345;29516;34660;31939;24907;19248;13524;9224;9546;39.5;38.8;2022/04/14 14:00:00+00;https://www.alberta.ca/covid-19-alberta-data.aspx;{9DA78C48-68D1-463F-B2A2-3A444A4CEE56};22.3442654626367;12.6257160727825
21;4834;AB;Edmonton Zone;Edmonton Zone;176759;1611;;;1461422;90414;87208;81560;76210;91781;119624;133577;127071;106224;92274;87948;93829;84557;65392;48195;31077;21474;23007;38.3;37;2022/04/14 14:00:00+00;https://www.alberta.ca/covid-19-alberta-data.aspx;{8FA6402E-B097-4310-8FF4-9A57A36CF185};8.6658643559961;1.56733373924279
22;4835;AB;North Zone;North Zone;60927;506;;;463412;37154;33514;31237;28193;30379;34049;35139;36095;31548;28644;27840;30733;26809;19008;13521;8973;5590;4986;36.3;35.3;2022/04/14 14:00:00+00;https://www.alberta.ca/covid-19-alberta-data.aspx;{92669B3E-A222-4207-A09A-9A8C015F0B2C};43.7642704940894;65.7374955642239
23;1307;NB;Zone 7 (Miramichi area);Zone 7 (région de Miramichi);3269;27;2939;35939;42440;1727;1840;1974;2155;2297;2067;1682;1971;2375;2950;3311;3629;3663;3431;2853;1854;1300;1361;46.7;50.3;2022/04/14 14:00:00+00;https://experience.arcgis.com/experience/8eeb9a2052d641c996dba5de8f25a8aa;{44C853B6-503F-45FF-AD6E-F6DE69E6F7CF};7.53061826638833;1.18687078597028
24;2401;QC;Région du Bas-Saint-Laurent;Région du Bas-Saint-Laurent;18733;137;;;196158;8578;9507;9244;8718;9107;10358;9714;10926;11272;10380;12114;16619;18203;16349;13577;9027;5863;6602;46.6;50.1;2022/04/14 14:00:00+00;https://www.inspq.qc.ca/covid-19/donnees;{ED5B6A30-0F68-4599-A761-6DFB01797648};11.7204598410804;2.74634737383873
25;2402;QC;Région du Saguenay—Lac-Saint-Jean;Région du Saguenay—Lac-Saint-Jean;28072;393;;;276281;13045;13865;13639;12494;13729;15882;15043;17503;16796;14083;16837;23570;24971;20605;16876;11533;7706;8104;45.1;47.2;2022/04/14 14:00:00+00;https://www.inspq.qc.ca/covid-19/donnees;{EAC3FC7E-71A2-4C8B-8EF7-ADAEDD272237};21.2067085298373;13.2279543308903
26;2403;QC;Région de la Capitale-Nationale;Région de la Capitale-Nationale;83180;1474;;;700684;35093;36648;32632;29503;37651;49639;49048;50966;47027;40404;43353;51508;50793;44552;37710;27551;17227;19379;43.3;43.1;2022/04/14 14:00:00+00;https://www.inspq.qc.ca/covid-19/donnees;{86C78678-676C-4E27-BA98-E40183335F49};10.516204821574;2.31493257199077
27;2404;QC;Région de la Mauricie et du Centre-du-Québec;Région de la Mauricie et du Centre-du-Québec;55053;932;;;518043;24111;26386;25198;23527;26519;30320;28206;31929;31223;27567;32852;41838;43321;38490;32533;22882;14468;16673;45.2;47.1;2022/04/14 14:00:00+00;https://www.inspq.qc.ca/covid-19/donnees;{E4EFB474-F888-4D6E-89FA-6983B1854141};16.802450487894;5.63704375587041
28;2405;QC;Région de l'Estrie;Région de l'Estrie;46164;562;;;513429;25088;27477;26750;25335;28076;31982;29601;31888;31094;28664;33147;39718;40153;36015;30728;21092;12873;13748;43.8;44.9;2022/04/14 14:00:00+00;https://www.inspq.qc.ca/covid-19/donnees;{200A9A1F-CB75-41D6-AC40-2E77EBDE21EA};8.6120306152763;1.47710250622589
29;2406;QC;Région de Montréal;Région de Montréal;296875;5388;;;1856818;99345;96921;87108;84221;125947;157264;154422;154412;139395;119855;115368;115249;103328;86829;72373;53895;40649;50237;40.6;39;2022/04/14 14:00:00+00;https://www.inspq.qc.ca/covid-19/donnees;{8826F734-D4C3-4EC2-AC2F-5ABD6C6AB2D4};1.98428460985731;0.05406421595055
30;2407;QC;Région de l'Outaouais;Région de l'Outaouais;37791;298;;;409421;21483;23533;22736;20949;23379;27266;26505;28016;27709;27226;28956;32164;29716;23743;18987;12392;7501;7160;41.4;42;2022/04/14 14:00:00+00;https://www.inspq.qc.ca/covid-19/donnees;{889FAAE9-4E01-437D-A948-5E32D396B03B};15.7828667480129;3.9933525425442
31;2408;QC;Région de l'Abitibi-Témiscamingue;Région de l'Abitibi-Témiscamingue;9877;100;;;148529;7806;8461;8128;7430;8516;9522;8758;9313;8890;8451;9984;12175;12084;9607;7663;5121;3257;3363;42.6;43.6;2022/04/14 14:00:00+00;https://www.inspq.qc.ca/covid-19/donnees;{CEF3A9FF-5524-452D-BCA9-43627FDF0611};15.1603387469663;7.782914079908
32;2409;QC;Région de la Côte-Nord;Région de la Côte-Nord;7497;42;;;87447;4182;4647;4682;4365;4549;4953;4801;5353;5397;5429;6561;7521;7198;5781;4628;3211;2162;2027;43.7;45.7;2022/04/14 14:00:00+00;https://www.inspq.qc.ca/covid-19/donnees;{6F999911-9627-40EF-92AA-CD7FC9106C7A};78.9970247197652;34.786805946305
33;2410;QC;Région du Nord-du-Québec;Région du Nord-du-Québec;1289;4;;;14642;800;790;800;759;761;929;952;1033;955;992;1088;1294;1154;835;652;404;273;171;41.5;42.6;2022/04/14 14:00:00+00;https://www.inspq.qc.ca/covid-19/donnees;{17F34B76-8177-4EB1-A35B-E93EC778AFC1};55.2421446737469;44.8828886991101
34;3546;ON;Niagara Regional Area Health Unit;Circonscription sanitaire régionale de Niagara;37816;529;35415;;450816;20222;21510;22477;23766;28601;29626;26713;24434;24225;27071;32098;36055;33286;29095;25767;18603;12668;14601;44.2;45.7;2022/04/15 14:00:00+00;https://www.niagararegion.ca/health/covid-19/statistics.aspx;{85032EC9-5A18-4A1A-8CA6-D21ACEFCD298};2.55397345951603;0.209067637561828
35;3547;ON;North Bay Parry Sound District Health Unit;Circonscription sanitaire du district de North Bay Parry Sound;4994;28;4744;201834;128804;5678;5843;6031;6373;7073;7959;7372;6759;6622;7454;8980;11355;10566;9362;7985;5840;3881;3671;45.4;48.1;2022/04/15 14:00:00+00;https://www.myhealthunit.ca/en/health-topics/coronavirus.asp#CaseCount;{D8C2DEDB-A9A7-4B62-9969-A6FAAA1980A6};13.8004498590367;2.21188868787794
36;3549;ON;Northwestern Health Unit;Circonscription sanitaire du Nord-Ouest;7217;22;7004;;74771;4901;5003;4857;4931;5144;5003;4402;4261;4139;4311;4639;5532;5189;4115;3207;2107;1521;1509;39.5;38.7;2022/04/15 14:00:00+00;https://www2.nwhu.on.ca/covid-19/data/;{ABD0444E-E2A1-497C-8A75-E5B5762F0BAA};25.0216378889638;26.4397846456925
37;3551;ON;City of Ottawa Health Unit;Circonscription sanitaire de la ville d'Ottawa;68944;768;66297;;1019693;53921;53820;53387;54898;71834;83291;78433;71543;66877;65866;67112;73139;62947;51231;42680;28569;19340;20805;40.4;39.2;2022/04/15 14:00:00+00;https://www.ottawapublichealth.ca/en/reports-research-and-statistics/daily-covid19-dashboard.aspx;{F46B61AB-19E1-4051-946E-32002768DDD0};3.03713938537758;0.331735231008433
38;3553;ON;Peel Regional Health Unit;Circonscription sanitaire régionale de Peel;182284;1304;179538;;1553076;82363;87706;94723;99082;112245;117685;111890;111203;109376;106734;109538;107899;88973;71247;57420;38204;24940;21848;39;38.2;2022/04/15 14:00:00+00;https://www.peelregion.ca/coronavirus/case-status/;{58190C56-92CA-4E4E-AD24-FE885C550A82};1.81501046072972;0.141296078700613
40;3555;ON;Peterborough County–City Health Unit;Circonscription sanitaire du comté et de la cité de Peterborough;6601;65;6203;;144237;6720;6794;6702;6658;8565;10185;9400;8053;7152;7733;9453;11452;11286;10012;8727;6173;4272;4900;44.8;46.2;2022/04/15 14:00:00+00;https://localcovidtracker.ca/;{AA3F708B-2039-4EB3-992F-4DF701806483};3.15172417940416;0.476978450602681
41;3556;ON;Porcupine Health Unit;Circonscription sanitaire de Porcupine;6669;51;;161218;90540;5152;5040;5049;5067;5490;5498;5057;5296;5104;5490;6019;7641;7356;5946;4467;2905;2061;1902;42.2;43.5;2022/04/15 14:00:00+00;http://www.porcupinehu.on.ca/en/your-health/infectious-diseases/novel-coronavirus/;{F8661A8F-4D7C-48AC-9007-56B58EF0AC0C};37.0121141788176;36.4305512663967
42;3557;ON;Renfrew County and District Health Unit;Circonscription sanitaire du comté et du district de Renfrew;4071;37;3856;143826;106578;5899;5496;5129;5335;5934;6548;6721;6336;5829;5913;6907;8688;8055;7172;6030;4394;3063;3129;43.8;45.1;2022/04/15 14:00:00+00;https://www.rcdhu.com/novel-coronavirus-covid-19-2/;{B8332908-AD89-44E0-BBD0-86C9E03F369D};8.39133606338898;1.90286751615823
43;3558;ON;The Eastern Ontario Health Unit;Circonscription sanitaire de l'Est de l'Ontario;;220;;186457;179454;9138;9421;9743;9805;10223;10219;9413;9645;9974;11039;13440;15999;14248;11934;9849;6808;4417;4136;43.5;46;2022/04/15 14:00:00+00;https://eohu.ca/en/my-health/covid-19-status-update-for-eohu-region;{07381039-5AA9-436C-AD92-E6DA548431C8};3.98744425430184;0.608856775890052
44;3560;ON;Simcoe Muskoka District Health Unit;Circonscription sanitaire du district de Simcoe Muskoka;40902;448;38638;;562142;26901;28748;29760;31014;34658;37438;35294;34385;33391;36400;41405;46377;39079;32515;28067;20171;13391;13148;42.6;43.4;2022/04/15 14:00:00+00;https://www.simcoemuskokahealthstats.org/topics/infectious-diseases/a-h/covid-19;{124D22CA-7518-421F-A811-E2F0B39FC737};9.65573833011435;1.11473572829273
45;3561;ON;Sudbury and District Health Unit;Circonscription sanitaire de Sudbury et son district;13892;131;13416;417365;202681;9759;10045;10124;10439;12555;13534;12334;12138;11910;12631;13721;16621;15497;13172;10800;7461;5045;4895;43.3;44.4;2022/04/15 14:00:00+00;https://www.phsd.ca/health-topics-programs/diseases-infections/coronavirus/current-status-covid-19;{673AFA7B-0155-4739-BF21-D9238048FE08};27.5802658264358;6.0735952066148
46;3562;ON;Thunder Bay District Health Unit;Circonscription sanitaire du district de Thunder Bay;10234;85;;273233;154444;7878;7879;7798;8088;9481;10664;9764;9018;8553;9296;10027;12251;11981;10425;7940;5378;3865;4158;43;43.9;2022/04/15 14:00:00+00;https://www.tbdhu.com/coviddata;{1BE2BA7E-A6DA-46FC-92F1-42CC6C0E5824};55.0911732861886;32.9038657812812
47;3563;ON;Timiskaming Health Unit;Circonscription sanitaire de Timiskaming;1635;13;;;33389;1776;1666;1612;1689;1937;1786;1623;1723;1707;1910;2218;2852;2771;2627;2049;1430;1017;996;45;48.1;2022/04/15 14:00:00+00;https://www.timiskaminghu.com/90529/What-is-the-current-situation-in-Timiskaming;{DE7E4CCB-D405-4F71-97F4-404BD2AEB305};6.51555382549283;1.86806757466209
48;3565;ON;Waterloo Health Unit;Circonscription sanitaire de Waterloo;43842;405;42214;;571232;31917;32226;32924;33110;40344;43494;41844;40315;38096;37513;38268;39948;34036;27934;22345;15694;10527;10697;39.7;38.7;2022/04/15 14:00:00+00;https://www.regionofwaterloo.ca/en/health-and-wellness/positive-cases-in-waterloo-region.aspx;{1657926A-DE14-4EC2-A97B-7A8B54622BA4};1.95562963299291;0.154079185449478
49;3566;ON;Wellington-Dufferin-Guelph Health Unit;Circonscription sanitaire de Wellington-Dufferin-Guelph;20586;160;19749;314767;304193;17085;16932;17303;17888;20178;22203;21209;19479;18808;20021;20818;22868;19453;15995;13187;8793;5986;5987;40.4;40;2022/04/15 14:00:00+00;https://www.wdgpublichealth.ca/your-health/covid-19-information-public/status-cases-wdg;{A86FCA32-95A4-4234-BFB6-622B12F32C4B};4.28431355469954;0.46981668913338
50;3568;ON;Windsor-Essex County Health Unit;Circonscription sanitaire de Windsor-comté d'Essex;41492;598;31818;;348836;17864;19055;20754;22204;24654;22730;19665;19138;20741;23063;25205;26560;23630;19798;16569;11309;7744;8152;41.4;42;2022/04/15 14:00:00+00;https://www.wechu.org/cv/local-updates;{00A44660-F775-4F73-AAC1-D1EC56AACA88};2.89240570585053;0.202808307925952
51;1203;NS;Zone 3 - Eastern;Zone 3 - Eastern;7184;26;;;138177;6134;6346;6874;7397;8242;7725;6224;6184;6829;7876;9501;11662;12178;11135;9463;6459;4102;3846;45.8;49.5;2022/04/14 14:00:00+00;https://health-infobase.canada.ca/covid-19/epidemiological-summary-covid-19-cases.html?stat=num&measure=total&map=hr#a2;{72B5482F-3F2E-4AE6-A368-A8608B642CAC};21.7530827409587;1.91474010782793
52;1204;NS;Zone 4 - Central;Zone 4 - Central;27564;135;;;444740;20852;21800;21003;21913;29500;36142;36589;33284;30230;29568;29112;32973;29484;24025;19924;12589;7900;7852;41.2;40.2;2022/04/14 14:00:00+00;https://health-infobase.canada.ca/covid-19/epidemiological-summary-covid-19-cases.html?stat=num&measure=total&map=hr#a2;{00786A76-F6CD-403E-8D85-36BF269D87E3};9.3251974513549;0.841994937775735
53;1301;NB;Zone 1 (Moncton area);Zone 1 (région de Moncton);17751;100;15766;293294;217155;9964;11050;11029;11201;11654;13561;13898;14790;14472;15008;15197;16624;15368;13684;11723;7690;4830;5412;43.2;43.9;2022/04/14 14:00:00+00;https://experience.arcgis.com/experience/8eeb9a2052d641c996dba5de8f25a8aa;{3E89B814-C25F-4FFE-B991-3310A3712942};8.29221653846072;1.18465269459561
54;1302;NB;Zone 2 (Saint John area);Zone 2 (région de Saint John);12783;61;11569;135345;149412;7051;8019;8553;8738;8939;8212;7652;8330;9240;9926;10742;12259;11450;9673;8101;5514;3501;3512;43.1;45;2022/04/14 14:00:00+00;https://experience.arcgis.com/experience/8eeb9a2052d641c996dba5de8f25a8aa;{E7557C80-9A79-4846-B929-D76C38BFC046};10.0705766365602;1.20998139546797
55;1303;NB;Zone 3 (Fredericton area);Zone 3 (région de Fredericton);9980;58;8848;146674;179137;8729;9464;9761;9892;11179;12409;11687;11661;11418;12035;12193;13341;12249;10511;8943;5942;3960;3763;41.9;42.1;2022/04/14 14:00:00+00;https://experience.arcgis.com/experience/8eeb9a2052d641c996dba5de8f25a8aa;{FCFB3F6F-3194-4A02-B131-75718A603C2A};7.98666746732509;2.78838565518462
56;1304;NB;Zone 4 (Edmundston area);Zone 4 (région d'Edmundston);4804;59;4374;78585;45390;1826;1991;2174;2267;2120;2175;2011;2407;2664;2866;3300;4174;4470;3592;3077;1872;1235;1169;46.4;50.3;2022/04/14 14:00:00+00;https://experience.arcgis.com/experience/8eeb9a2052d641c996dba5de8f25a8aa;{25D24683-B924-47B0-AB7B-18954554EEE9};5.84041403469086;0.931655770787187
57;1305;NB;Zone 5 (Campbellton area);Zone 5 (région de Campbellton);2376;25;2098;43303;23126;808;858;977;1055;1112;1113;875;991;1050;1365;1806;2259;2245;1979;1729;1208;780;916;49;53.8;2022/04/14 14:00:00+00;https://experience.arcgis.com/experience/8eeb9a2052d641c996dba5de8f25a8aa;{FA760C11-19CE-41E4-8D1C-C2DD92F86BAD};4.14029319323176;0.660657030063872
58;1306;NB;Zone 6 (Bathurst area);Zone 6 (région de Bathurst);4849;38;4129;60344;70761;2577;2747;2874;3190;3301;3147;2760;3325;3969;4463;5686;6711;6766;6223;5197;3469;2219;2138;48.3;52.7;2022/04/14 14:00:00+00;https://experience.arcgis.com/experience/8eeb9a2052d641c996dba5de8f25a8aa;{9FB436E5-FE1A-4579-8A06-B37FFAE3690B};5.95711366477732;0.572698317739996
59;4604;MB;Northern Regional Health Authority;Office régional de la santé du Nord;18220;83;16959;;77380;9039;7635;7348;6411;6083;5738;5050;4537;4110;4044;3898;3872;3435;2431;1815;994;544;396;30.7;26.9;2022/04/14 14:00:00+00;https://experience.arcgis.com/experience/f55693e56018406ebbd08b3492e99771;{17401C93-4065-4490-BCAB-32B920729479};58.6696980995172;63.6562443317896
60;4605;MB;Southern Health—Santé Sud;Southern Health—Santé Sud;19426;335;18253;;205885;16111;16019;15552;15363;15268;13778;12421;12670;12009;11803;11911;13063;11311;9053;7257;5152;3518;3626;36.6;34.4;2022/04/14 14:00:00+00;https://experience.arcgis.com/experience/f55693e56018406ebbd08b3492e99771;{3EECFB30-34B7-414A-8CFF-F5632E9B5448};14.6443577352267;3.4167050405394
68;3570;ON;York Regional Health Unit;Circonscription sanitaire régionale de York;104561;935;102386;1322998;1200761;59459;66329;71738;75162;80846;83248;76713;74040;76475;85947;90772;91186;77055;62050;51472;33291;23393;21585;40.6;40.8;2022/04/15 14:00:00+00;https://www.york.ca/wps/portal/yorkhome/health/yr/covid-19/covid19inyorkregion/01covid19inyorkregion;{C8FFF00E-9D45-48B5-B365-E0899D3611DF};2.52607004270668;0.235657282462967
69;3575;ON;Southwestern Public Health Unit;Circonscription sanitaire du sud-ouest;12593;156;11996;307731;209238;11645;12419;12657;12839;13102;12427;11783;12353;12125;12965;14054;16036;14274;12179;10469;7305;5230;5376;41.7;42.2;2022/04/15 14:00:00+00;https://www.swpublichealth.ca/en/reports-and-statistics/covid-19-dashboard.aspx;{E9EA1347-81AA-47A2-850D-A41726E3793C};4.97435341838934;0.438167402184219
70;3595;ON;City of Toronto Health Unit;Circonscription sanitaire de la cité de Toronto;311487;4180;300464;;2987513;150465;134471;128262;134036;222882;252892;254865;248350;216646;199134;194679;200621;174547;142429;113681;79425;63322;76806;40.9;39.3;2022/04/15 14:00:00+00;https://www.toronto.ca/home/covid-19/covid-19-latest-city-of-toronto-news/covid-19-pandemic-data/covid-19-weekday-status-of-cases-data/;{8AA96E82-B87B-4239-802E-C687222BEBF7};1.5782519375319;0.0721766577268686
71;4601;MB;Winnipeg Regional Health Authority;Office régional de la santé de Winnipeg;74975;1079;70610;;787724;43916;43892;42723;45137;55349;61459;63320;58967;53546;49607;48297;52135;46090;39069;31381;20709;14603;17524;39.7;38.2;2022/04/14 14:00:00+00;https://experience.arcgis.com/experience/f55693e56018406ebbd08b3492e99771;{7DDC61EB-DC45-4CB7-B1F4-1DA8ABACB4D5};2.12136109571074;0.0833215973822095
72;4602;MB;Prairie Mountain Health;Santé de Prairie Mountain;14058;151;12897;;142031;9539;9204;8660;8511;9172;10013;9734;8832;8319;7856;7711;9416;8940;7815;6487;4663;3419;3740;40;38.5;2022/04/14 14:00:00+00;https://experience.arcgis.com/experience/f55693e56018406ebbd08b3492e99771;{361DB834-F0EF-4FD3-BD6A-39D5D82BD180};27.5366941043742;8.76419805821359
73;4603;MB;Interlake-Eastern Regional Health Authority;Office régional de la santé d'Entre-les-Lacs et de l'Est;11592;91;10619;;173021;10372;9879;9937;10312;11392;11063;10580;9227;8813;10085;11564;13591;12475;11045;8889;6061;3921;3815;41.6;42.1;2022/04/14 14:00:00+00;https://experience.arcgis.com/experience/f55693e56018406ebbd08b3492e99771;{DEFBD08E-1123-472D-BFC2-9793E7C7803F};38.6456803228599;10.0586134092334
74;1011;NL;Eastern Regional Health Authority;Eastern Regional Health Authority;;66;;;310426;13206;14725;15800;15452;17303;20899;21671;21209;20119;21197;23082;23730;22387;20826;16799;10454;6317;5250;43;43.7;2022/04/14 14:00:00+00;https://experience.arcgis.com/experience/280d17f9bd5d47e9870b6aba8222e5f4;{782D335C-FDF0-4A41-B17D-BA99A233E0F1};31.0664082713942;2.53107189747312
75;1012;NL;Central Regional Health Authority;Central Regional Health Authority;;50;;;85388;3055;3663;4240;4436;4040;3397;3060;3984;4579;5985;7301;7388;7701;7434;6297;4011;2747;2070;47.4;51.5;2022/04/14 14:00:00+00;https://experience.arcgis.com/experience/280d17f9bd5d47e9870b6aba8222e5f4;{258F61C3-26CB-4974-BB35-A3C04F614202};44.9586745727129;5.73848950329431
76;1013;NL;Western Regional Health Authority;Western Regional Health Authority;;19;;;73072;2821;3215;3485;3627;3610;3564;3185;3480;3803;4835;5964;6463;6588;6139;5089;3257;2130;1817;46.7;50.8;2022/04/14 14:00:00+00;https://experience.arcgis.com/experience/280d17f9bd5d47e9870b6aba8222e5f4;{81EE7DAE-86E5-4A33-ABC5-113DC43F58B9};28.5980785604286;4.1977559521929
77;1014;NL;Labrador-Grenfell Regional Health Authority;Labrador-Grenfell Regional Health Authority;;2;;;35649;1935;2184;2180;2094;2036;2133;2050;2379;2338;2652;2849;2662;2476;2178;1553;972;574;404;40.6;41.8;2022/04/14 14:00:00+00;https://experience.arcgis.com/experience/280d17f9bd5d47e9870b6aba8222e5f4;{9040C519-50CD-43EC-9DE0-784C223C14B1};213.675841328773;41.1293113875779
78;1201;NS;Zone 1 - Western;Zone 1 - Western;6943;29;;;185660;7434;8051;8477;9518;10168;9084;8190;9034;9834;11708;14044;16660;16036;14177;12941;8981;5597;5726;46.7;50.5;2022/04/14 14:00:00+00;https://health-infobase.canada.ca/covid-19/epidemiological-summary-covid-19-cases.html?stat=num&measure=total&map=hr#a2;{28EC3421-760A-4CF3-A099-0CEA6F85BFAF};15.639453110005;2.13244262039662
79;1202;NS;Zone 2 - Northern;Zone 2 - Northern;5550;20;;;145940;6458;7111;7538;7990;8261;7563;6874;7544;8353;9644;10425;12329;11922;10747;9238;6108;3918;3917;44.9;47.7;2022/04/14 14:00:00+00;https://health-infobase.canada.ca/covid-19/epidemiological-summary-covid-19-cases.html?stat=num&measure=total&map=hr#a2ce.arcgis.com/experience/204d6ed723244dfbb763ca3f913c5cad/page/All-Maps/;{93303B1E-A421-46DA-B2C8-5F8C32A2D08A};11.578777871203;1.43102056721766
80;2411;QC;Région de la Gaspésie—Îles-de-la-Madeleine;Région de la Gaspésie—Îles-de-la-Madeleine;8218;67;;;85097;3123;3465;3494;3426;3573;4056;3598;4350;4372;4896;6127;7879;8622;7714;6349;4279;2822;2952;48.8;53.4;2022/04/14 14:00:00+00;https://www.inspq.qc.ca/covid-19/donnees;{6070707E-97B1-4841-AFF7-FC2C0DB189DB};16.0432443743803;2.51785507203162
81;2412;QC;Région de la Chaudière-Appalaches;Région de la Chaudière-Appalaches;58407;590;;;425016;21687;23719;22904;20689;21610;24470;23228;26786;27456;24846;27603;33370;33144;29880;25032;16705;10553;11334;43.7;45;2022/04/14 14:00:00+00;https://www.inspq.qc.ca/covid-19/donnees;{C87433CE-6DCC-499C-A2B6-4F0F87896707};8.44537498250733;1.80066522642959
82;2414;QC;Région de Lanaudière;Région de Lanaudière;66514;736;;;444734;23057;26414;25284;22475;23663;27879;26084;29365;29679;27958;31057;35766;33913;27437;22437;15300;8729;8237;42.1;43.1;2022/04/14 14:00:00+00;https://www.inspq.qc.ca/covid-19/donnees;{F8BFA64A-9A3E-443C-88CA-D26EAAFEC1DF};9.78640274740093;1.57482490780806
83;2415;QC;Région des Laurentides;Région des Laurentides;74949;719;;;575539;27861;31625;31236;29688;31486;35611;33092;37074;38467;37834;41466;47185;43978;35816;29783;20484;11834;11019;42.7;43.9;2022/04/14 14:00:00+00;https://www.inspq.qc.ca/covid-19/donnees;{4E29D1AF-2E19-4BE2-BCF6-7042C8695BC5};12.3451932500589;2.63919166525415
84;2416;QC;Région de la Montérégie;Région de la Montérégie;140270;2087;;;1370770;69384;78767;77204;70879;76136;86914;81031;92723;95600;88530;94719;104575;96274;80039;69449;49099;30066;29381;42.2;42.7;2022/04/14 14:00:00+00;https://www.inspq.qc.ca/covid-19/donnees;{A0896D9C-2DCE-4D24-8334-E3DF795761F8};9.39836703772256;1.0139629017505
85;2417;QC;Région du Nunavik;Région du Nunavik;2895;10;;;13849;1583;1455;1361;1267;1221;1278;1077;877;778;708;599;560;436;302;182;85;52;28;28.1;25.1;2022/04/14 14:00:00+00;https://www.inspq.qc.ca/covid-19/donnees;{9CA626AB-B9E6-4F7E-84D6-C2A063DC7416};113.430293425467;76.6797057975793
86;2418;QC;Région des Terres-Cries-de-la-Baie-James;Région des Terres-Cries-de-la-Baie-James;2646;14;;;17069;1673;1682;1681;1464;1373;1356;1189;1225;1192;1065;827;711;572;406;305;166;100;80;30.2;27.4;2022/04/14 14:00:00+00;https://www.inspq.qc.ca/covid-19/donnees;{8D493726-39C0-4F95-BF0E-2BBCC90F0317};20.3048239308986;0.757206967370358
87;3526;ON;The District of Algoma Health Unit;Circonscription sanitaire du district d'Algoma;7389;47;6980;254297;111060;5356;5280;5166;5389;6260;6658;5939;5607;5434;6098;7258;9266;9429;8254;6991;5073;3745;3857;45.7;48.6;2022/04/15 14:00:00+00;http://www.algomapublichealth.com/disease-and-illness/infectious-diseases/novel-coronavirus/current-status-covid-19/;{83700232-F985-4B81-A2A6-D120503C52D7};22.8261294941509;5.32155968540273
88;3527;ON;Brant County Health Unit;Circonscription sanitaire du comté de Brant;9255;67;8918;;152029;8353;8720;8856;9023;9724;10132;9806;9449;9345;9377;10128;11186;10270;8910;7076;4894;3320;3460;41.2;41;2022/04/15 14:00:00+00;https://www.bchu.org/ServicesWeProvide/InfectiousDiseases/Pages/coronavirus.aspx;{8205E6A7-6CDD-41C8-A403-BF0435ECF4A5};1.78896930872262;0.126340779554979
89;3530;ON;Durham Regional Health Unit;Circonscription sanitaire régionale de Durham;58073;470;;882156;699641;36994;39978;41522;42912;46822;50191;46209;45215;45768;46823;49927;55349;44991;34959;28390;18675;12275;12641;40.1;40;2022/04/15 14:00:00+00;https://app.powerbi.com/view?r=eyJrIjoiMjU2MmEzM2QtNDliNS00ZmIxLWI5MzYtOTU0NTI1YmU5MjQ2IiwidCI6IjUyZDdjOWMyLWQ1NDktNDFiNi05YjFmLTlkYTE5OGRjM2YxNiJ9;{4348FC3B-846A-4E85-9C7D-C73F4C31FAC5};3.13685479363069;0.294544742531835
90;1100;PE;Prince Edward Island;Île-du-Prince-Édouard;30604;21;27418;254260;135849;6906;7549;7885;7613;8462;8431;7503;8245;7914;8963;9679;10377;9648;8517;7605;4737;3026;2789;42.3;43.4;2022/04/14 14:00:00+00;https://www.princeedwardisland.ca/en/information/health-and-wellness/pei-covid-19-case-data;{4F0CB76D-83BD-4C95-BB39-E96492A4428D};11.860592196053;0.678055149909151
91;2413;QC;Région de Laval;Région de Laval;68963;1063;;;438320;22172;25698;25875;24326;26542;28997;26858;28964;29788;30091;32139;32480;27567;21445;18361;14333;10845;11838;41.4;41.6;2022/04/14 14:00:00+00;https://www.inspq.qc.ca/covid-19/donnees;{754BA9EA-E336-49D2-9E3C-05057FFCA587};1.0460529069437;0.0285906408862047
92;3533;ON;Grey Bruce Health Unit;Circonscription sanitaire de Grey Bruce;;;;;154672;7895;8045;7951;7910;8616;9099;8149;7945;7226;8179;10107;12682;12689;11592;9671;6914;5000;5002;44.9;47.8;2022/04/15 14:00:00+00;https://www1.publichealthgreybruce.on.ca/;{303BF841-C679-4841-9518-A488CA36123E};8.46141684553987;0.97611810390581
93;3534;ON;Haldimand-Norfolk Health Unit;Circonscription sanitaire de Haldimand-Norfolk;7119;72;;;113098;5553;5763;5756;6242;6905;6657;5999;5653;5486;6509;7861;9725;9266;8254;6625;4674;2994;3176;44.3;46.9;2022/04/15 14:00:00+00;https://hnhu.org/additional-daily-statistics/;{1175640C-3D3E-43C1-8047-0E81EC3342BB};4.91325520481798;0.327199885880351
94;3535;ON;Haliburton, Kawartha, Pine Ridge District Health Unit;Circonscription sanitaire du district de Haliburton, Kawartha et Pine Ridge;8138;106;;282043;185663;7290;7736;8203;8740;9655;9665;8695;8294;8217;9997;13610;17241;16295;14978;13733;9868;6614;6832;47.8;52.3;2022/04/15 14:00:00+00;https://app.powerbi.com/view?r=eyJrIjoiOTJkYWRmODgtYzg5Ni00MmMyLWIzODgtNDU4ODYxZTVlNzc3IiwidCI6IjdkYzFmZjlkLTA1ZjEtNGNhNi1iYWZlLTIyNmZmNWYxNmJkYSJ9;{3A480893-F2A3-463A-83C5-F7DD4309B096};8.28906890246819;1.12533462541364
95;3536;ON;Halton Regional Health Unit;Circonscription sanitaire régionale de Halton;46777;349;;695977;605475;32651;36750;40253;39827;37700;39573;39677;39563;42814;44590;42925;42233;34460;27347;24134;17120;11757;12101;39.7;39.6;2022/04/15 14:00:00+00;https://www.halton.ca/For-Residents/Immunizations-Preventable-Disease/Diseases-Infections/New-Coronavirus/Status-of-COVID-19-Cases-in-Halton;{50EC5EC2-1AA9-4789-976D-F9F28429AD0C};1.62300774898588;0.109579879397015
96;592;BC;Interior Health;Interior Health;63300;379;;;710842;33544;31521;35409;36509;40498;40845;41247;41534;39111;42672;34199;46844;56522;56300;50362;42943;31058;23922;45.2;47.3;2022/04/14 14:00:00+00;http://www.bccdc.ca/health-info/diseases-conditions/covid-19/data;{99F756DC-33E8-40D2-907C-CBCD6945BEBA};38.2728563547768;27.7649684073374
97;591;BC;Fraser Health;Fraser Health;159441;1356;;;1839068;94907;94856;99429;105522;129828;124675;128682;134937;126096;125355;98396;125661;129487;115376;95432;78902;53407;37497;40.7;40.1;2022/04/14 14:00:00+00;http://www.bccdc.ca/health-info/diseases-conditions/covid-19/data;{DA55A627-468E-4E51-BF1D-6230D79610CD};9.7629848566087;1.94408944723219
98;595;BC;Vancouver  Coastal Health;Vancouver  Coastal Health;72566;721;;;1193766;48017;48736;49048;55295;85774;100247;99583;93016;82485;83083;47926;81347;83493;76131;65335;52247;36138;27946;42.2;41;2022/04/14 14:00:00+00;http://www.bccdc.ca/health-info/diseases-conditions/covid-19/data;{2592C4CB-2DDC-432B-9772-A97FCD477984};53.5389737502013;6.61118788817008
99;593;BC;Vancouver Island Health;Vancouver Island Health;33754;250;;;744984;32398;30975;33666;34803;41947;47215;47720;45977;41846;44575;32763;48978;57090;56978;53953;47475;32889;25439;45.5;47.1;2022/04/14 14:00:00+00;http://www.bccdc.ca/health-info/diseases-conditions/covid-19/data;{81A87189-EDA3-4780-99FC-083838735AB9};64.9115291683136;6.99245175411636
100;594;BC;Northern Health;Northern Health;29550;330;;;285660;17688;17688;17608;17450;19043;19323;18631;18689;18102;18685;17646;17917;20643;20090;15964;11949;7764;3862;39.5;39.1;2022/04/14 14:00:00+00;http://www.bccdc.ca/health-info/diseases-conditions/covid-19/data;{9EA2170F-B4FE-437F-8C08-BF34FB31D7CD};136.917582698562;88.8437370875232
136;4750;SK;Central East;Central East;8768;113;;94844;97493;5898;5785;5915;5809;5353;4865;5140;5513;5274;5339;5961;7299;7339;6548;5007;3903;2963;3582;43.1;44.2;2022/04/14 14:00:00+00;https://dashboard.saskatchewan.ca/health-wellness;{2638D78A-CCF6-4CB6-A1D4-25DFD2D15A64};17.1083514748486;6.55952511884965
137;4751;SK;Central West;Central West;2646;26;;27111;36454;2188;2163;2206;2155;1979;1888;2054;2099;1967;2034;2144;2780;3010;2433;1892;1305;935;1222;42.7;43.8;2022/04/14 14:00:00+00;https://dashboard.saskatchewan.ca/health-wellness;{9BD0F4A5-3522-4113-96CE-F7DB7A5B857F};13.6067405080278;4.98688973379224
138;4752;SK;Far North Central;Far North Central;612;6;;3132;2948;254;301;320;294;282;252;282;202;155;145;132;109;74;58;42;24;14;8;28.5;25.5;2022/04/14 14:00:00+00;https://dashboard.saskatchewan.ca/health-wellness;{76244DFE-93E3-448B-894A-F184C0F9FCD8};27.6185658991594;8.5676473725228
139;4753;SK;Far North East;Far North East;5305;28;;30963;23506;2317;2354;2268;2046;2015;1985;1655;1383;1237;1115;1121;1140;1010;759;521;282;161;137;30.7;26.9;2022/04/14 14:00:00+00;https://dashboard.saskatchewan.ca/health-wellness;{76B08085-5F6F-4FEE-84D8-B2BE0DCB1678};27.2548289990586;18.4678569403566
140;4754;SK;Far North West;Far North West;5383;58;;34630;27546;2575;2466;2314;2183;2057;2079;1809;1600;1487;1542;1530;1571;1351;1022;739;536;359;326;33.7;30.3;2022/04/14 14:00:00+00;https://dashboard.saskatchewan.ca/health-wellness;{E2FBA04F-0515-476F-B701-EA2409B58AF5};19.9458949269632;18.5289764262109
141;4755;SK;North Central;North Central;12031;133;;94688;87916;6475;6533;6357;6183;6025;5741;5294;5133;4750;4938;5024;5865;5452;4651;3460;2373;1766;1896;38.1;36.3;2022/04/14 14:00:00+00;https://dashboard.saskatchewan.ca/health-wellness;{340A9466-A6D5-431D-A8E1-5D6494C028E4};11.0803471799719;3.66061877452624
142;4756;SK;North East;North East;4149;48;;40764;40797;2704;2725;2718;2744;2495;2094;1917;2082;2175;2264;2417;2915;2859;2511;2097;1596;1125;1359;41.6;42.1;2022/04/14 14:00:00+00;https://dashboard.saskatchewan.ca/health-wellness;{7CA446B9-5513-4DEF-AC8E-511963B62F10};13.0291812269378;6.4347382756365
143;4757;SK;North West;North West;12176;147;;79311;79795;6202;5877;5581;5289;5352;5281;5417;5424;4491;4292;4405;5207;4886;3912;2907;2072;1523;1677;37.7;35.8;2022/04/14 14:00:00+00;https://dashboard.saskatchewan.ca/health-wellness;{EFC6DACE-F772-4DEC-A107-F29A86721A22};11.6274430293442;4.32379672099143
144;4758;SK;Regina;Regina;28446;266;;297612;272509;17173;17191;16263;15389;17678;22114;23853;22036;19175;16250;15671;17460;15666;12144;8915;6049;4620;4862;38.1;36.5;2022/04/14 14:00:00+00;https://dashboard.saskatchewan.ca/health-wellness;{C1FC23A9-544B-48F8-943F-2587A6993C98};6.36064933520564;1.05198234920062
145;4759;SK;Saskatoon;Saskatoon;34624;236;;394495;346025;22071;21544;19835;19041;22882;30885;33761;29172;23902;20716;19346;21047;18768;14506;10500;7029;5247;5773;37.5;35.5;2022/04/14 14:00:00+00;https://dashboard.saskatchewan.ca/health-wellness;{90DF6D72-BB82-49C3-A6D4-DDFAE13FC815};7.43020918763492;1.45625782450486
146;4760;SK;South Central;South Central;5732;56;;70048;60079;3562;3704;3783;3567;3666;3585;3508;3546;3300;3117;3464;4696;4559;3759;2874;1863;1449;2077;41.8;41.7;2022/04/14 14:00:00+00;https://dashboard.saskatchewan.ca/health-wellness;{A3316CFB-09CB-47FC-9C4F-57906F873C07};11.8004261270248;4.16236762438487
147;4761;SK;South East;South East;9322;108;;82167;90663;6141;5812;5878;5706;5361;5520;5907;5917;5478;5142;5216;6249;6263;5051;3800;2689;2084;2449;40.1;39.2;2022/04/14 14:00:00+00;https://dashboard.saskatchewan.ca/health-wellness;{637C7437-929E-41F4-84FD-BEF97F8A6E1B};14.3628156711884;5.78443911188948
148;4762;SK;South West;South West;3745;47;;32186;37908;2214;2211;2206;2293;2245;2205;2152;2208;2104;2099;2260;3028;3019;2277;1802;1262;1028;1295;42.4;42.9;2022/04/14 14:00:00+00;https://dashboard.saskatchewan.ca/health-wellness;{4C3F35EA-5EFD-413B-A60A-20E0FC9EFC7C};11.2943873422489;4.64178536004014
