Date;FREQUENCY;Cases;ObjectId2;Recovered;DailyRecovered;TotalDeaths;DailyDeaths;TotalTested;DailyTested;TotalActive;DailyActive;TotalHospitalized;DailyHospitalized;TotalICU;DailyICU;TotalVaccinated;DailyVaccinated
25/01/2020;1;1;1;0;0;0;0;0;0;1;1;;;;;;
26/01/2020;0;1;2;0;0;0;0;0;0;1;0;;;;;;
27/01/2020;1;2;3;0;0;0;0;0;0;2;1;;;;;;
28/01/2020;1;3;4;0;0;0;0;0;0;3;1;;;;;;
29/01/2020;0;3;5;0;0;0;0;0;0;3;0;;;;;;
30/01/2020;0;3;6;0;0;0;0;0;0;3;0;;;;;;
31/01/2020;1;4;7;0;0;0;0;0;0;4;1;;;;;;
01/02/2020;0;4;8;0;0;0;0;0;0;4;0;;;;;;
02/02/2020;0;4;9;0;0;0;0;0;0;4;0;;;;;;
03/02/2020;0;4;10;0;0;0;0;0;0;4;0;;;;;;
04/02/2020;1;5;11;0;0;0;0;0;0;5;1;;;;;;
05/02/2020;0;5;12;0;0;0;0;0;0;5;0;;;;;;
06/02/2020;2;7;13;0;0;0;0;0;0;7;2;;;;;;
07/02/2020;0;7;14;0;0;0;0;0;0;7;0;;;;;;
08/02/2020;0;7;15;0;0;0;0;0;0;7;0;;;;;;
09/02/2020;0;7;16;0;0;0;0;0;0;7;0;;;;;;
10/02/2020;0;7;17;0;0;0;0;0;0;7;0;;;;;;
11/02/2020;0;7;18;0;0;0;0;0;0;7;0;;;;;;
12/02/2020;0;7;19;1;1;0;0;0;0;6;0;;;;;;
13/02/2020;0;7;20;1;0;0;0;0;0;6;0;;;;;;
14/02/2020;1;8;21;1;0;0;0;0;0;7;1;;;;;;
15/02/2020;0;8;22;1;0;0;0;0;0;7;0;;;;;;
16/02/2020;0;8;23;1;0;0;0;0;0;7;0;;;;;;
17/02/2020;0;8;24;1;0;0;0;0;0;7;0;;;;;;
18/02/2020;0;8;25;1;0;0;0;0;0;7;0;;;;;;
19/02/2020;0;8;26;2;1;0;0;0;0;6;0;;;;;;
20/02/2020;1;9;27;3;1;0;0;0;0;6;1;;;;;;
21/02/2020;0;9;28;4;1;0;0;0;0;5;0;;;;;;
22/02/2020;0;9;29;4;0;0;0;0;0;5;0;;;;;;
23/02/2020;1;10;30;4;0;0;0;0;0;6;1;;;;;;
24/02/2020;1;11;31;4;0;0;0;0;0;7;1;;;;;;
25/02/2020;0;11;32;7;3;0;0;0;0;4;-3;;;;;;
26/02/2020;1;12;33;7;0;0;0;0;0;5;1;;;;;;
27/02/2020;2;14;34;7;0;0;0;0;0;7;2;;;;;;
28/02/2020;2;16;35;7;0;0;0;0;0;9;2;;;;;;
29/02/2020;4;20;36;7;0;0;0;0;0;13;4;;;;;;
01/03/2020;4;24;37;7;0;0;0;0;0;17;4;;;;;;
02/03/2020;0;24;38;7;0;0;0;0;0;17;0;;;;;;
03/03/2020;9;33;39;7;0;0;0;0;0;26;9;;;;;;
04/03/2020;1;34;40;7;0;0;0;0;0;27;1;;;;;;
05/03/2020;12;46;41;8;1;0;0;0;0;38;11;;;;;;
06/03/2020;8;54;42;8;0;0;0;0;0;46;8;;;;;;
07/03/2020;6;60;43;8;0;0;0;0;0;52;6;;;;;;
08/03/2020;7;67;44;8;0;1;1;0;0;58;7;;;;;;
09/03/2020;19;86;45;9;1;1;0;0;0;76;18;;;;;;
10/03/2020;9;95;46;9;0;1;0;0;0;85;9;;;;;;
11/03/2020;21;116;47;9;0;2;1;0;0;105;20;;;;;;
12/03/2020;40;156;48;9;0;2;0;0;0;145;40;;;;;;
13/03/2020;42;198;49;10;1;2;0;0;0;186;41;;;;;;
14/03/2020;59;257;50;10;0;2;0;0;0;245;59;;;;;;
15/03/2020;84;341;51;10;0;2;0;23752;23752;329;84;;;;;;
16/03/2020;100;441;52;10;0;5;3;37878;14126;426;97;;;;;;
17/03/2020;156;597;53;10;0;8;3;43611;5733;579;153;;;;;;
18/03/2020;130;727;54;11;1;9;1;51436;7825;707;128;;;;;;
19/03/2020;146;873;55;13;2;12;3;59670;8234;848;141;;;;;;
20/03/2020;214;1087;56;15;2;13;1;78525;18855;1059;211;;;;;;
21/03/2020;244;1331;57;16;1;18;5;91741;13216;1297;238;;;;;;
22/03/2020;140;1471;58;18;2;21;3;106162;14421;1432;135;;;;;;
23/03/2020;620;2091;59;112;94;24;3;114205;8043;1955;523;;;;;;
24/03/2020;728;2819;60;186;74;27;3;124345;10140;2606;651;;;;;;
25/03/2020;590;3409;61;197;11;35;8;152135;27790;3177;571;;;;;;
26/03/2020;634;4043;62;228;31;39;4;166788;14653;3776;599;;;;;;
27/03/2020;714;4757;63;354;126;55;16;180746;13958;4348;572;;;;;;
28/03/2020;898;5655;64;501;147;60;5;202458;21712;5093;745;;;;;;
29/03/2020;665;6320;65;585;84;62;2;219772;17314;5669;576;;;;;;
30/03/2020;1128;7448;66;1114;529;89;27;233949;14177;6244;575;;;;;;
31/03/2020;1143;8591;67;1297;183;101;12;250628;16679;7168;924;;;;;;
01/04/2020;1140;9731;68;1667;370;111;10;268290;17662;8378;1211;;;;;;
02/04/2020;1552;11283;69;1971;304;138;27;286155;17865;9637;1259;;;;;;
03/04/2020;1266;12549;70;2323;352;187;49;307904;21749;10434;799;;;;;;
04/04/2020;1469;14018;71;2735;412;233;46;324793;16889;11402;968;;;;;;
05/04/2020;1494;15512;72;3100;365;280;47;336472;11679;12513;1111;;;;;;
06/04/2020;1155;16667;73;3616;516;323;43;349677;13205;13198;685;;;;;;
07/04/2020;1230;17897;74;4050;434;381;58;360896;11219;14099;902;;;;;;
08/04/2020;1394;19291;75;4653;603;435;54;374741;13845;14732;633;;;;;;
09/04/2020;1474;20765;76;5039;386;505;70;386687;11946;15221;1055;1765;1765;789;789;;
10/04/2020;1383;22148;79;5905;866;569;64;403747;16069;15674;453;1862;97;777;-12;;
11/04/2020;1170;23318;80;6663;758;653;84;416439;12683;16002;328;1928;66;796;19;;
12/04/2020;1065;24383;81;7185;522;717;64;430667;14228;16481;479;2024;96;786;-10;;
13/04/2020;1297;25680;83;7771;586;780;63;447827;17160;17129;648;2105;81;807;21;;
14/04/2020;1383;27063;84;8247;476;903;123;467637;19810;17913;784;2199;94;591;-216;;
15/04/2020;1316;28379;85;8992;745;1010;107;484574;16937;18377;464;2060;-139;580;-11;;
16/04/2020;1727;30106;86;9742;750;1195;185;505643;21069;19169;792;2024;-36;541;-39;;
17/04/2020;1821;31927;87;10556;814;1310;115;528797;23154;20061;892;2120;96;533;-8;;
18/04/2020;1456;33383;88;11220;664;1470;160;550361;21564;20693;632;2164;44;592;59;;
19/04/2020;1673;35056;89;11856;636;1587;117;572037;21676;21613;920;2117;-47;514;-78;;
20/04/2020;1775;36831;91;12599;743;1690;103;594747;22710;22542;929;2175;58;524;10;;
21/04/2020;1591;38422;92;13201;602;1834;144;614340;19593;23387;845;2272;97;531;7;;
22/04/2020;1768;40190;93;13999;798;1974;140;640292;25952;24217;830;2362;90;516;-15;;
23/04/2020;1920;42110;94;14774;775;2147;173;663423;23131;25189;972;2506;144;512;-4;;
24/04/2020;1778;43888;95;15554;780;2302;155;687931;24508;26032;843;2574;68;540;28;;
25/04/2020;1466;45354;96;16438;884;2465;163;711248;23317;26451;419;2637;63;530;-10;;
26/04/2020;1541;46895;97;17334;896;2560;95;734824;23576;27001;550;2662;25;537;7;;
27/04/2020;1597;48500;98;18281;947;2707;147;762226;27402;27512;503;2704;42;519;-18;;
28/04/2020;1526;50026;99;19244;963;2859;152;784850;22624;27923;411;2790;86;523;4;;
29/04/2020;1571;51597;100;20340;1096;2996;137;810969;26119;28261;338;2831;41;522;-1;;
30/04/2020;1639;53236;101;21437;1097;3184;188;839081;28112;28615;354;2884;53;507;-15;;
01/05/2020;1825;55061;102;22764;1327;3391;207;870554;31473;28906;291;2924;40;496;-11;;
02/05/2020;1653;56714;103;23814;1050;3566;175;902965;32411;29334;428;2911;-13;492;-4;;
03/05/2020;2760;59474;104;24921;1107;3682;116;932289;29324;30871;1537;2958;47;501;9;;
04/05/2020;1298;60772;105;26030;1109;3854;172;965191;32902;30888;17;2944;-14;492;-9;;
05/05/2020;1274;62046;109;27006;976;4043;189;985862;20671;30997;109;3056;112;495;3;;
06/05/2020;1450;63496;110;28184;1178;4232;189;1018440;32578;31080;83;3055;-1;478;-17;;
07/05/2020;1426;64922;111;29260;1076;4408;176;1051850;33410;31254;174;3056;1;490;12;;
08/05/2020;1512;66434;112;30239;979;4569;161;1083223;31373;31626;372;3041;-15;465;-25;;
09/05/2020;1268;67702;113;31262;1023;4693;124;1116289;33066;31747;121;3026;-15;452;-13;;
10/05/2020;1146;68848;114;32109;847;4871;178;1144650;28361;31868;121;2961;-65;437;-15;;
11/05/2020;1133;69981;115;33007;898;4993;122;1175868;31218;31981;113;3029;68;426;-11;;
12/05/2020;1176;71157;116;34055;1048;5169;176;1195890;20022;31933;-48;3027;-2;415;-11;;
13/05/2020;1121;72278;117;35177;1122;5304;135;1224804;28914;31797;-136;3046;19;417;2;;
14/05/2020;1123;73401;118;36104;927;5472;168;1257320;32516;31825;28;2990;-56;403;-14;;
15/05/2020;1212;74613;119;36908;804;5562;90;1292166;34846;32143;318;2946;-44;401;-2;;
16/05/2020;1251;75864;120;37832;924;5679;117;1325746;33580;32353;210;2868;-78;387;-14;;
17/05/2020;1158;77022;121;38563;731;5782;103;1356158;30412;32677;324;2824;-44;383;-4;;
18/05/2020;1050;78072;122;39251;688;5842;60;1377705;21547;32979;302;2872;48;382;-1;;
19/05/2020;1040;79112;124;40333;1082;5912;70;1399830;22125;32867;-112;2895;23;376;-6;;
20/05/2020;1030;80142;125;40789;456;6031;119;1417869;18039;33322;455;2624;-271;368;-8;;
21/05/2020;1182;81324;126;41728;939;6092;121;1443443;25574;33504;182;2608;-16;353;-15;;
22/05/2020;1156;82480;127;42607;879;6250;98;1470378;26935;33623;179;2552;-56;346;-7;;
23/05/2020;1141;83621;128;43318;711;6355;105;1496360;25982;33948;325;2468;-84;335;-11;;
24/05/2020;1078;84699;129;43998;680;6424;69;1522947;26587;34277;329;2414;-54;339;4;;
25/05/2020;1012;85711;130;44651;653;6545;121;1550549;27602;34515;238;2381;-33;347;8;;
26/05/2020;936;86647;131;45352;701;6639;94;1572837;22288;34656;141;2346;-35;342;-5;;
27/05/2020;872;87519;132;46177;825;6765;126;1601296;28459;34577;-79;2317;-29;352;10;;
28/05/2020;993;88512;133;46853;676;6877;112;1631793;30497;34782;205;2260;-57;332;-20;;
29/05/2020;906;89418;134;47533;680;6979;102;1670906;39113;34906;124;2195;-65;319;-13;;
30/05/2020;772;90190;135;48116;583;7073;94;1709139;38233;35001;95;2099;-96;302;-17;;
31/05/2020;757;90947;136;48892;776;7295;222;1740742;31603;34760;-241;2080;-19;305;3;;
01/06/2020;758;91705;137;49739;847;7327;32;1775350;34608;34639;-121;2066;-14;297;-8;;
02/06/2020;705;92410;138;50357;618;7395;68;1804383;29033;34658;19;2071;5;305;8;;
03/06/2020;675;93085;139;51048;691;7498;103;1838115;33732;34539;-119;2023;-48;302;-3;;
04/06/2020;641;93726;140;51739;691;7637;139;1870804;32689;34350;-189;1936;-87;283;-19;;
05/06/2020;609;94335;141;52568;829;7703;66;1916569;45765;34064;-286;1853;-83;264;-19;;
06/06/2020;722;95057;142;52523;-45;7773;70;1948404;31835;34761;697;1728;-125;252;-12;;
07/06/2020;642;95699;143;53142;619;7800;27;1976392;27988;34757;-4;1681;-47;259;7;;
08/06/2020;545;96244;144;54833;1691;7835;35;2005458;29066;33576;-1181;1652;-29;252;-7;;
09/06/2020;408;96652;145;55572;739;7896;61;2048181;42723;33184;-392;1632;-20;247;-5;;
10/06/2020;473;97125;146;56639;1067;7960;64;2084030;35849;32526;-658;1557;-75;249;2;;
11/06/2020;405;97530;147;57658;1019;7994;34;2125680;41650;31878;-648;1476;-81;248;-1;;
12/06/2020;413;97943;148;58523;865;8049;55;2166726;41046;31371;-507;1441;-35;233;-15;;
13/06/2020;463;98406;150;59353;830;8107;58;2213780;47054;30946;-425;1342;-99;224;-9;;
14/06/2020;378;98784;151;60272;919;8146;39;2252469;38689;30366;-580;1274;-68;201;-23;;
15/06/2020;363;99147;152;61042;770;8175;29;2288967;36498;29930;-436;1242;-32;200;-1;;
16/06/2020;320;99467;153;61443;401;8213;38;2320290;31323;29811;-119;1187;-55;190;-10;;
17/06/2020;386;99853;154;62017;574;8254;41;2356055;35765;29582;-229;1130;-57;179;-11;;
18/06/2020;367;100220;155;62496;479;8300;46;2407825;51770;29424;-158;1038;-92;163;-16;;
19/06/2020;407;100627;156;63003;507;8346;46;2454905;47080;29278;-146;963;-75;159;-4;;
20/06/2020;388;101015;157;63488;485;8410;64;2497432;42527;29117;-161;919;-44;157;-2;;
21/06/2020;318;101333;158;63886;398;8430;20;2530765;33333;29017;-100;858;-61;165;8;;
22/06/2020;304;101637;159;64334;448;8436;6;2568134;37369;28867;-150;837;-21;146;-19;;
23/06/2020;326;101963;160;64704;370;8454;18;2697043;128909;28805;-62;864;27;147;1;;
24/06/2020;279;102242;161;65091;387;8484;30;2645448;38399;28667;-138;837;-27;142;-5;;
25/06/2020;380;102622;162;65425;334;8504;20;2683519;38071;28693;26;823;-14;137;-5;;
26/06/2020;172;102794;163;65726;301;8508;4;2726225;42706;28560;-133;810;-13;126;-11;;
27/06/2020;234;103028;164;65973;247;8516;8;2767967;41742;28539;-21;808;-2;119;-7;;
28/06/2020;218;103246;165;66191;218;8522;6;2804178;36211;28533;-6;771;-37;115;-4;;
29/06/2020;672;103918;166;67178;987;8566;44;2863056;58878;28174;-359;755;-16;106;-9;;
30/06/2020;286;104204;167;67594;416;8591;25;2912632;49576;28019;-155;716;-39;95;-11;;
01/07/2020;67;104271;168;67746;152;8615;24;2918239;5607;27910;-109;704;-12;91;-4;;
02/07/2020;500;104771;169;68347;601;8642;27;2996094;77855;27782;-128;601;-103;87;-4;;
03/07/2020;319;105090;171;68693;346;8663;21;3036238;40144;27734;-48;615;14;86;-1;;
04/07/2020;223;105313;172;68990;297;8674;11;3063964;27726;27649;-85;593;-22;80;-6;;
05/07/2020;222;105535;175;69239;249;8684;10;3089080;25116;27612;-37;577;-16;79;-1;;
06/07/2020;399;105934;176;69570;331;8693;9;3133708;44628;27671;59;574;-3;72;-7;;
07/07/2020;232;106166;177;69883;313;8711;18;3180041;46333;27572;-99;554;-20;70;-2;;
08/07/2020;267;106433;178;70247;364;8737;26;3218022;37981;27449;-123;530;-24;72;2;;
09/07/2020;370;106803;179;70573;326;8749;12;3263714;45692;27481;32;500;-30;70;-2;;
10/07/2020;322;107125;180;70901;328;8759;10;3311842;48128;27465;-16;505;5;73;3;;
11/07/2020;221;107346;181;71266;365;8773;14;3356586;44744;27307;-158;512;7;68;-5;;
12/07/2020;243;107589;182;71467;201;8783;10;3377080;20494;27339;32;493;-19;64;-4;;
13/07/2020;566;108155;183;71841;374;8790;7;3443330;66250;27524;185;472;-21;66;2;;
14/07/2020;331;108486;184;72170;329;8798;8;3490424;47094;27518;-6;508;36;71;5;;
15/07/2020;341;108827;185;72485;315;8810;12;3533433;43009;27532;14;487;-21;65;-6;;
16/07/2020;437;109264;186;72680;195;8827;17;3583340;49907;27757;225;479;-8;59;-6;;
17/07/2020;405;109669;187;96689;24009;8839;12;3637441;54101;4141;-23616;466;-13;62;3;;
18/07/2020;329;109998;188;96914;225;8848;9;3679647;42206;4236;95;447;-19;65;3;;
19/07/2020;333;110331;189;97051;137;8852;4;3717097;37450;4428;192;450;3;70;5;;
20/07/2020;823;111154;190;97474;423;8858;6;3777402;60305;4822;394;478;28;78;8;;
21/07/2020;543;111697;191;97757;283;8862;4;3823076;45674;5078;256;488;10;71;-7;;
22/07/2020;543;112240;192;98142;385;8870;8;3869835;46759;5228;150;496;8;79;8;;
23/07/2020;432;112672;193;98519;377;8874;4;3880920;11085;5279;51;511;15;78;-1;;
24/07/2020;534;113206;194;98873;354;8884;10;3937418;56498;5449;170;472;-39;70;-8;;
25/07/2020;346;113552;195;99115;242;8888;4;3979560;42142;5549;100;413;-59;69;-1;;
26/07/2020;349;113901;196;99355;240;8893;5;4017296;37736;5653;104;394;-19;66;-3;;
27/07/2020;696;114597;197;99860;505;8901;8;4095835;78539;5836;183;398;4;63;-3;;
28/07/2020;397;114994;198;100134;274;8911;10;4136961;41126;5949;113;402;4;65;2;;
29/07/2020;476;115470;200;100465;331;8917;6;4180087;43126;6088;139;395;-7;65;0;;
30/07/2020;329;115799;201;100862;397;8929;12;4238927;58840;6008;-80;408;13;74;9;;
31/07/2020;333;116132;202;101227;365;8935;6;4301809;62882;5970;-38;379;-29;74;0;;
01/08/2020;450;116582;203;101436;209;8941;6;4354484;52675;6205;235;361;-18;75;1;;
02/08/2020;282;116864;204;101574;138;8945;4;4386860;32376;6345;140;359;-2;74;-1;;
03/08/2020;140;117004;205;101597;23;8947;2;4397423;10563;6460;115;356;-3;74;0;;
04/08/2020;787;117791;206;102450;853;8958;11;4491243;93820;6383;-77;363;7;87;13;;
05/08/2020;396;118187;207;102788;338;8962;4;4538108;46865;6437;54;341;-22;88;1;;
06/08/2020;374;118561;208;103106;318;8966;4;4588588;50480;6489;52;346;5;83;-5;;
07/08/2020;424;118985;209;103435;329;8970;4;4639484;50896;6580;91;319;-27;76;-7;;
08/08/2020;236;119221;210;103566;131;8976;6;4677624;38140;6679;99;309;-10;80;4;;
09/08/2020;230;119451;212;103728;162;8979;3;4721730;44106;6744;65;309;0;79;-1;;
10/08/2020;681;120132;213;106354;2626;8987;8;4791524;69794;4791;-1953;299;-10;72;-7;;
11/08/2020;289;120421;214;106746;392;8991;4;4831457;40124;4684;-107;299;0;69;-3;;
12/08/2020;418;120839;215;107148;402;9006;15;4872056;40599;4685;1;273;-26;66;-3;;
13/08/2020;395;121234;216;107553;405;9015;9;4934511;62510;4666;-19;268;-5;67;1;;
14/08/2020;418;121652;217;107942;389;9020;5;4981762;47251;4690;24;271;3;67;0;;
15/08/2020;237;121889;218;108217;275;9024;4;5043987;54343;4648;-42;265;-6;67;0;;
16/08/2020;198;122087;219;108484;267;9026;2;5081181;37194;4577;-71;263;-2;67;0;;
17/08/2020;785;122872;220;109059;575;9032;6;5157427;76246;4781;204;245;-18;61;-6;;
18/08/2020;282;123154;221;109357;298;9045;13;5192226;34799;4752;-29;256;11;62;1;;
19/08/2020;336;123490;222;109822;465;9049;4;5249800;57574;4619;-133;259;3;63;1;;
20/08/2020;488;124372;224;110648;360;9064;10;5365035;62535;4660;118;215;-6;55;-8;;
21/08/2020;257;124629;225;110878;230;9071;7;5407167;42132;4680;20;216;1;48;-7;;
22/08/2020;267;124896;226;111112;234;9073;2;5443226;36059;4711;31;226;-6;44;-4;;
23/08/2020;751;125647;227;111694;582;9083;10;5515056;71830;4870;159;229;3;43;-1;;
24/08/2020;247;125894;228;112050;356;9090;7;5556764;41708;4754;-116;236;7;43;0;;
25/08/2020;523;126417;229;112375;325;9094;4;5603321;46557;4948;194;233;-3;44;1;;
26/08/2020;431;126848;230;112825;450;9102;8;5655128;51807;4921;-27;243;10;50;6;;
27/08/2020;510;127358;231;113234;409;9108;6;5722842;67714;5016;95;253;10;52;2;;
28/08/2020;315;127673;232;113501;267;9113;5;5768469;45627;5059;43;238;-15;50;-2;;
29/08/2020;267;127940;233;113586;85;9117;4;5804940;36471;5237;178;237;-1;52;2;;
30/08/2020;1008;128948;234;114218;632;9126;9;5889106;84166;5604;367;247;10;57;5;;
31/08/2020;477;129425;235;114607;389;9132;6;5936066;46960;5686;82;273;26;60;3;;
01/09/2020;498;129923;236;115050;443;9135;3;5986582;50516;5738;52;268;-5;58;-2;;
02/09/2020;570;130493;237;115444;394;9141;6;6042012;55430;5908;170;254;-14;54;-4;;
03/09/2020;631;131124;238;115926;482;9141;0;6127423;85411;6057;149;260;6;54;0;;
04/09/2020;371;131495;239;116136;210;9143;2;6168957;41534;6216;159;245;-15;55;1;;
05/09/2020;400;131895;240;116357;221;9145;2;6207139;38182;6393;177;246;1;57;2;;
06/09/2020;1610;133748;242;117565;1104;9153;7;6325399;106097;7030;499;250;1;58;0;;
07/09/2020;546;134294;243;118257;692;9155;2;6611726;286327;6882;-148;263;13;55;-3;;
08/09/2020;630;134924;244;118990;733;9163;8;6425142;-186584;6771;-111;270;7;50;-5;;
09/09/2020;702;135626;245;119674;684;9163;0;6499567;74425;6789;18;276;6;50;0;;
10/09/2020;515;136141;246;120075;401;9170;7;6554937;55370;6896;107;273;-3;48;-2;;
11/09/2020;518;136659;247;120431;356;9171;1;6604366;49429;7057;161;270;-3;52;4;;
12/09/2020;1351;138010;249;121224;793;9179;8;6719358;114992;7607;550;281;11;62;10;;
13/09/2020;793;138803;250;121840;616;9188;9;6783620;64262;7775;168;297;16;72;10;;
14/09/2020;944;139747;251;122449;609;9193;5;6847569;63949;8105;330;285;-12;78;6;;
15/09/2020;1120;140867;252;123073;624;9200;7;6924425;76856;8594;489;302;17;82;4;;
16/09/2020;1044;141911;253;487723;364650;9205;5;6999451;75026;-355017;-363611;313;11;80;-2;;
17/09/2020;863;142774;254;124187;464;9211;6;7062571;63120;9376;393;318;5;82;2;;
18/09/2020;875;143649;255;124691;504;9217;6;7125555;62984;9741;365;325;7;85;3;;
19/09/2020;1766;145415;256;125714;1023;9228;11;7262484;136929;10473;732;342;17;85;0;;
20/09/2020;1248;146663;257;126904;1190;9234;6;7305740;43256;10525;52;379;37;87;2;;
21/09/2020;1090;147753;258;127788;884;9243;9;7381700;75960;10722;197;407;28;92;5;;
22/09/2020;1341;149094;259;128707;919;9249;6;7456191;74491;11138;416;410;3;99;7;;
23/09/2020;1362;150456;260;129573;866;9255;6;7544203;88012;11628;490;425;15;98;-1;;
24/09/2020;1215;151671;261;130328;755;9262;7;7612537;68334;12081;453;455;30;113;15;;
25/09/2020;1454;153125;262;131098;770;9268;6;7679013;66476;12759;678;466;11;109;-4;;
26/09/2020;2176;155301;263;132607;1509;9278;10;7820726;141713;13416;657;494;28;98;-11;;
27/09/2020;1660;156961;264;133737;1130;9291;13;7904281;83555;13933;517;539;45;113;15;;
28/09/2020;1797;158758;265;134971;1234;9297;6;7985923;81642;14490;557;571;32;120;7;;
29/09/2020;1777;160535;266;136350;1379;9319;22;8068073;82150;14866;376;593;22;121;1;;
30/09/2020;2124;162659;267;137614;1264;9409;90;8155138;87065;15636;770;621;28;126;5;;
01/10/2020;1812;164471;268;138867;1253;9462;53;8225091;69953;16142;506;628;7;140;14;;
02/10/2020;1682;166153;269;140242;1375;9481;19;8285837;60746;16430;288;652;24;142;2;;
03/10/2020;2805;168958;270;142333;2091;9504;23;8423492;137655;17121;691;690;38;143;1;;
04/10/2020;2365;171323;271;143994;1661;9530;26;8508338;84846;17799;678;752;62;146;3;;
05/10/2020;1800;173123;272;145666;1672;9541;11;8591687;83349;17916;117;775;23;141;-5;;
06/10/2020;2436;175559;273;147508;1842;9557;16;8692180;100493;18494;578;820;45;154;13;;
07/10/2020;2558;178117;274;149524;2016;9585;28;8796563;104383;19008;514;849;29;153;-1;;
08/10/2020;2062;180179;275;151357;1833;9608;23;8861811;65248;19214;206;845;-4;159;6;;
09/10/2020;1683;181862;276;153219;1862;9613;5;8927359;65548;19030;-184;844;-1;161;2;;
10/10/2020;975;182837;277;154258;1039;9627;14;8944993;17634;18952;-78;866;22;163;2;;
11/10/2020;4044;186881;278;157486;3228;9654;27;9122721;177728;19741;789;886;20;184;21;;
12/10/2020;2504;189385;279;159351;1865;9664;10;9200846;78125;20370;629;943;57;189;5;;
13/10/2020;2344;191729;280;161490;2139;9699;35;9281173;80327;20540;170;960;17;194;5;;
14/10/2020;719;192448;281;162205;715;9708;9;9321678;40505;20535;-5;966;6;198;4;;
15/10/2020;2215;196321;282;165446;1822;9746;24;9429030;64490;21129;369;1926;931;202;3;;
16/10/2020;1827;198148;283;167112;1666;9760;14;9488160;59130;21276;147;1009;-17;205;3;;
17/10/2020;3289;201437;284;169671;2559;9778;18;9605004;116844;21988;712;1018;9;207;2;;
18/10/2020;2252;203689;285;171743;2072;9794;16;9664864;59860;22152;164;1077;59;215;8;;
19/10/2020;2671;206360;286;173748;2005;9829;35;9739991;75127;22783;631;1062;-15;211;-4;;
20/10/2020;2788;209148;287;175805;2057;9862;33;9822052;82061;23481;698;1074;12;229;18;;
21/10/2020;2587;211735;289;177879;2074;9888;26;9902678;80626;23926;486;1079;5;228;-1;;
22/10/2020;2224;213959;290;179636;1757;9922;34;9961067;58389;24359;433;1122;43;228;0;;
23/10/2020;2145;216104;291;181429;1793;9946;24;10018927;57860;24687;328;1122;0;208;-20;;
24/10/2020;4107;220211;292;184306;2877;9973;27;10138510;119583;25879;1192;1140;18;233;25;;
25/10/2020;2676;222887;293;186464;2158;10001;28;10193507;54997;26369;490;1157;17;230;-3;;
26/10/2020;2699;225586;294;188867;2403;10032;31;10262639;69132;26633;264;1159;2;229;-1;;
27/10/2020;2956;228542;295;191208;2341;10074;42;10337917;75278;27129;496;1168;9;220;-9;;
28/10/2020;3457;231999;296;193934;2726;10110;36;10419280;81363;27893;764;1177;9;231;11;;
29/10/2020;2512;234511;297;195876;1942;10136;26;10474940;55660;28440;547;1075;-102;230;-1;;
30/10/2020;2330;236841;298;197729;1853;10179;43;10530417;55477;28874;434;1522;343;232;2;;
31/10/2020;3422;240263;299;200052;2323;10208;29;10599788;69371;29921;1047;1220;-302;226;-6;;
01/11/2020;4672;244935;300;203509;3457;10279;71;10684256;84468;31065;1144;1305;85;232;6;;
02/11/2020;3313;248248;301;206037;2528;10336;57;10733651;49395;31653;588;1333;28;236;4;;
03/11/2020;3120;251368;302;207998;1961;10381;45;10801429;67778;32867;1214;1370;37;243;7;;
04/11/2020;4439;255807;303;211237;3239;10436;55;10895731;94302;34038;1171;1391;21;248;5;;
05/11/2020;2760;258567;304;213094;1857;10484;48;10964320;68589;34891;853;1377;-14;258;10;;
06/11/2020;3262;261829;305;215005;1911;10510;26;11013584;49264;36216;1325;1383;6;258;0;;
07/11/2020;6905;268734;307;218400;3395;10564;54;11086257;72673;39651;3435;1463;80;278;20;;
08/11/2020;4302;273036;309;221279;2879;10632;68;11138255;51998;41007;1356;1556;93;294;16;;
09/11/2020;3349;276385;311;223199;1920;10678;46;11193844;55589;42390;1383;1613;57;304;10;;
10/11/2020;6192;282577;313;226775;3576;10768;90;11275679;81835;44836;2446;1671;58;327;23;;
11/11/2020;4741;287318;316;230646;3871;10828;60;11344231;68552;45844;810;1727;56;345;18;;
12/11/2020;4613;291931;318;233428;2782;10891;63;11409380;65149;47397;1553;1795;68;344;-1;;
13/11/2020;4132;296063;320;236384;2956;10953;62;11427187;17807;48511;1114;1780;-15;373;29;;
14/11/2020;6129;302192;321;240287;3903;11027;74;11552900;125713;50599;2088;1840;60;384;11;;
15/11/2020;4276;306468;322;244152;3865;11086;59;11604580;51680;50834;235;1945;105;403;19;;
16/11/2020;4631;311099;323;248321;4169;11186;100;11665583;61003;51264;430;2009;64;399;-4;;
17/11/2020;4652;315751;324;252293;3972;11265;79;11740903;75320;51688;424;2027;18;431;32;;
18/11/2020;4663;320414;325;256646;4353;11334;69;11842300;101397;52182;494;2048;21;415;-16;;
19/11/2020;5297;325711;326;260398;3752;11406;72;12104678;262378;53797;1615;2077;29;424;9;;
20/11/2020;4792;330503;327;264049;3651;11455;49;12188306;83628;54449;652;2059;-18;438;14;;
21/11/2020;7052;337555;328;269199;5150;11521;66;12301298;112992;56205;1756;2148;89;445;7;;
22/11/2020;4889;342444;329;273391;4192;11618;97;12372193;70895;56782;577;2228;80;449;4;;
23/11/2020;5021;347465;330;277232;3841;11710;92;12452233;80040;57438;656;2253;25;455;6;;
24/11/2020;5632;353097;331;280923;3691;11799;89;12534964;82731;60375;2937;2323;70;453;-2;;
25/11/2020;5958;359055;332;286500;5577;11894;95;12655048;120084;60641;266;2291;-32;457;4;;
26/11/2020;5732;364787;333;290688;4188;11976;82;12750561;95513;62123;1482;2422;131;467;10;;
27/11/2020;5458;370245;334;294389;3701;12032;56;12845883;95322;63824;1701;2438;16;479;12;;
28/11/2020;7894;378139;335;299972;5583;12130;98;12973346;127463;65206;1382;2545;107;499;20;;
29/11/2020;5329;383468;336;304888;4916;12211;81;13052626;79280;65502;296;2638;93;528;29;;
30/11/2020;6308;389776;337;309886;4998;12325;114;13147132;94506;66671;1169;2720;82;535;7;;
01/12/2020;6494;396270;338;314618;4732;12407;82;13254162;107030;68334;1663;2724;4;547;12;;
02/12/2020;6302;402572;339;320098;5480;12496;89;13405923;151761;69043;709;2793;69;559;12;;
03/12/2020;6346;408918;340;324882;4784;12589;93;13507241;101318;70512;1469;2830;37;552;-7;;
04/12/2020;6264;415182;341;329138;4256;12665;76;13609429;102188;72444;1932;2903;73;552;0;;
05/12/2020;7875;423057;342;338741;9603;12777;112;13732947;123518;70579;-1865;2957;54;570;18;;
06/12/2020;5978;429035;344;344199;5458;12867;90;13815029;82082;71969;430;3093;136;587;17;;
07/12/2020;6292;435327;345;350010;5811;12983;116;13907705;92676;71335;329;3121;28;607;20;;
08/12/2020;6742;442069;346;355735;5725;13109;126;14020804;113099;72223;888;3145;24;617;10;;
09/12/2020;6772;448741;347;362300;6565;13251;142;14142353;121549;72277;54;3139;-6;638;21;;
10/12/2020;6006;454847;348;368474;6174;13350;99;14248832;106479;72010;-267;3149;10;648;10;;
11/12/2020;5891;460738;349;373253;4779;13431;81;12259701;-1989131;73041;1031;3140;-9;667;19;;
12/12/2020;8124;468862;350;379467;6214;13553;122;14486232;136531;74791;1750;3252;112;657;-10;;
13/12/2020;6352;475214;351;385975;6508;13659;106;14571486;85254;74510;-281;3421;169;676;19;;
14/12/2020;6416;481630;352;391946;5971;13799;140;14671784;100298;74799;289;3473;52;692;16;;
15/12/2020;7008;488638;353;398412;6466;13916;117;14783696;111912;75218;419;3486;13;694;2;;
16/12/2020;5295;493933;354;403965;5553;14015;99;14883993;100297;74843;-375;3437;-49;694;0;;
17/12/2020;7660;501593;355;411385;7420;14154;139;14885504;1511;74944;101;3462;25;706;12;;
18/12/2020;6205;507794;356;416697;5312;14227;73;15115257;229753;75758;814;3430;-32;711;5;;
19/12/2020;7519;515313;357;423610;6913;14331;104;15235430;120173;76240;482;3544;114;705;-6;;
20/12/2020;6196;521509;358;431561;7951;14424;93;15208265;-27165;74382;-1858;3621;77;704;-1;;
21/12/2020;6845;528354;359;438452;6891;14596;172;15311023;102758;74160;-222;3625;4;702;-2;;
22/12/2020;5789;534143;360;444064;5612;14719;123;15404193;93170;74204;44;3602;-23;704;2;;
23/12/2020;1;534144;361;444066;2;14719;0;15404808;615;74203;-1;3602;0;704;0;;
24/12/2020;4303;538447;362;448223;4157;14800;81;15405110;302;74268;65;3390;-212;713;9;;
25/12/2020;3090;541537;363;451231;3008;14853;53;15567468;162358;74297;29;3474;84;713;0;;
26/12/2020;13670;555207;364;465973;14742;15121;268;15672818;105350;72958;-1339;3602;128;722;9;;
27/12/2020;10297;565504;365;477856;11883;15378;257;15724281;51463;71088;-1870;3131;-471;732;10;;
28/12/2020;7478;572982;366;484582;6726;15472;94;15759090;34809;71747;659;4091;960;769;37;;
29/12/2020;8420;581402;367;489810;5228;15605;133;15887638;128548;73602;1855;4067;-24;794;25;;
30/12/2020;1302;582704;368;489816;6;15605;0;16051201;163563;73598;-4;4067;0;794;0;;
31/12/2020;7583;590287;369;495080;5264;15714;109;16269251;218050;74909;1311;3875;-192;785;-9;;
01/01/2021;11372;601659;370;504971;9891;15865;151;16331140;61889;75840;931;3917;42;809;24;;
02/01/2021;9765;611424;372;517883;12912;16074;209;16292030;-39110;80935;5095;4168;251;807;-2;127337;127337
03/01/2021;7222;618646;374;523564;5681;16234;160;16511982;219952;82369;1434;4361;193;830;23;155052;27715
04/01/2021;8150;626796;377;531225;7661;16369;135;16603203;91221;82740;371;4559;198;844;14;177534;22482
05/01/2021;8333;635129;378;538266;7041;16578;209;16708049;104846;80599;-2141;4501;-58;839;-5;210598;33064
06/01/2021;9220;644349;379;545971;7705;16703;125;19374544;2666495;85218;4619;4466;-35;843;4;240086;29488
07/01/2021;8124;652473;380;552388;6417;16833;130;19469117;94573;86831;1613;4443;-23;858;15;293847;53761
08/01/2021;6698;659171;381;557652;5264;16938;105;19610332;141215;88220;1389;4467;24;860;2;313918;20071
09/01/2021;9010;668181;382;568561;10909;17086;148;19738186;127854;81175;-7045;4533;66;852;-8;357574;43656
10/01/2021;6292;674473;383;576447;7886;17233;147;19830056;91870;79425;-1750;4715;182;860;8;388493;30919
11/01/2021;6855;681328;384;584652;8205;17383;150;19946587;116531;77932;-1493;4698;-17;882;22;417702;29209
12/01/2021;7563;688891;385;593397;8745;17537;154;20089436;142849;76590;-1342;4675;-23;877;-5;459371;41669
13/01/2021;6816;695707;386;601910;8513;17729;192;20238921;149485;74695;-1895;4621;-54;862;-15;507687;48316
14/01/2021;6476;702183;387;608084;6174;17865;136;20366060;127139;74917;222;4545;-76;868;6;543291;35604
15/01/2021;6433;708616;388;615324;7240;18014;149;20484844;118784;75894;977;4459;-86;858;-10;570742;27451
16/01/2021;6454;715069;389;623033;7709;18120;106;20594862;110018;72514;-3380;4491;32;852;-6;613285;42543
17/01/2021;4680;719749;390;630430;7397;18266;146;20672687;77825;69650;-2864;4535;44;857;5;651139;37854
18/01/2021;5746;725495;391;638620;8190;18462;196;20790248;117561;67005;-2645;4468;-67;858;1;666242;15103
19/01/2021;5955;731450;392;645729;7109;18622;160;20925634;135386;65691;-1314;4347;-121;847;-11;738864;42622
20/01/2021;5957;737407;394;652829;7100;18828;206;21064550;138916;64318;-1373;4260;-87;841;-6;776606;37742
21/01/2021;5124;742531;395;658984;6155;18974;146;21191654;127104;63141;-1177;4213;-47;863;22;802238;25632
22/01/2021;4852;747383;396;664621;5637;19094;120;21292792;101138;62237;-904;4075;-138;858;-5;816451;14213
23/01/2021;5628;753011;397;671326;6705;19238;144;21398295;105503;60986;-1251;4038;-37;853;-5;839949;23498
24/01/2021;4011;757022;398;677559;6233;19403;165;21471782;73487;58602;-2384;4085;47;840;-13;867862;27913
25/01/2021;4204;761226;399;683953;6394;19533;130;21588238;116456;56266;-2336;3933;-152;844;4;891324;23462
26/01/2021;4484;765710;400;688872;4919;19647;114;21716507;128269;55718;-548;3821;-112;817;-27;2480394;1589070
27/01/2021;4759;770469;401;695383;6511;19794;147;21860163;143656;53806;-1912;3730;-91;902;85;937196;21159
28/01/2021;4583;775052;402;700924;5541;19942;148;21973733;113570;52700;-1106;3649;-81;792;-110;952212;15016
29/01/2021;3924;778976;403;705843;4919;20032;90;22075161;101428;51818;-882;3466;-183;785;-7;957226;5014
30/01/2021;4615;783591;404;711709;5866;20136;104;19056962;-3018199;50266;-1552;3459;-7;778;-7;974492;17266
31/01/2021;2828;786419;408;716643;4934;20213;77;22253858;82419;48081;-2185;3458;-1;755;-23;988107;13615
01/02/2021;3235;789654;409;721078;4435;20355;142;22356156;102298;46740;-1341;3287;-171;739;-16;1000862;12755
02/02/2021;4083;793737;410;725511;4433;20513;158;22488966;132810;46229;-511;3277;-10;720;-19;1019941;19079
03/02/2021;4022;797759;411;730734;5223;20609;96;22612679;123713;45029;-1200;3158;-119;8307;7587;1042776;22835
04/02/2021;3301;801060;413;734648;3914;20702;93;22729260;116581;44226;-803;3030;-128;692;-15;1064245;21469
05/02/2021;3203;804263;415;738850;4202;20767;65;22831317;102057;43162;-1064;2900;-130;696;4;1076130;11885
06/02/2021;3860;808123;417;747114;8264;20835;68;22920454;89137;40058;-3104;2863;-37;688;-8;1098458;22328
07/02/2021;2679;810802;419;750713;3599;20909;74;22991120;70666;39062;-996;2835;-28;653;-35;1140946;42488
08/02/2021;3184;813986;421;754740;4027;21004;95;23090129;99009;38122;-940;2819;-16;652;-1;1153989;13043
09/02/2021;3182;817168;424;758333;3593;21088;84;23218381;128252;37636;-486;2664;-155;612;-40;1186401;32412
10/02/2021;3144;820312;425;762205;3872;21162;74;23346940;128559;36834;-802;2488;-176;596;-16;1221539;35138
11/02/2021;3046;823358;426;765472;3267;21228;66;23456018;109078;36547;-287;2464;-24;577;-19;1252942;31403
12/02/2021;2432;825790;427;768511;3039;21293;65;23549145;93127;35875;-672;2361;-103;579;2;1270766;17824
13/02/2021;989;826779;428;769932;1421;21311;18;23581734;32589;35425;-450;2366;5;581;2;1272470;1704
14/02/2021;4803;831582;429;776213;6281;21397;86;23701047;119313;33893;-1532;2387;21;592;11;1306784;34314
15/02/2021;2605;834187;430;779766;3553;21435;38;23780997;79950;32906;-987;2362;-25;592;0;1329036;22252
16/02/2021;3314;837501;431;783416;3650;21498;63;23898154;117157;32527;-379;2357;-5;558;-34;1354289;25253
17/02/2021;3089;840590;432;786773;3357;21576;78;24023166;125012;32185;-342;2242;-115;545;-13;1402139;47850
18/02/2021;2715;843305;433;789845;3072;21630;54;24132997;109831;31774;-411;2208;-34;529;-16;1451846;49707
19/02/2021;2351;845656;434;792607;2762;21674;44;24223750;90753;31319;-455;2143;-65;538;9;1492270;40424
20/02/2021;3865;849521;435;796634;4027;21723;49;24313502;89752;31105;-214;2145;2;547;9;1554003;61733
21/02/2021;2753;852274;436;799835;3201;21762;39;24382472;68970;30617;-488;2229;84;553;6;1602365;48362
22/02/2021;2855;855129;437;802931;3096;21807;45;24483794;101322;30334;-283;2129;-100;567;14;1652282;49917
23/02/2021;3091;858220;438;806022;3091;21865;58;24611255;127461;30274;-60;2072;-57;553;-14;1707398;55116
24/02/2021;3188;861408;439;809046;3024;21915;50;24738419;127164;30456;182;2039;-33;549;-4;1774599;67201
25/02/2021;2718;864126;440;811377;2331;21960;45;24845866;107447;30799;343;2006;-33;532;-17;1836328;61729
26/02/2021;2314;866440;441;813783;2406;21994;34;24945737;99871;30672;-127;1949;-57;548;16;1882952;46624
27/02/2021;3598;870038;442;817591;3808;22017;23;25041956;96219;30356;-316;1998;49;552;4;1949643;66691
28/02/2021;2714;872752;443;820455;2864;22045;28;25117308;75352;30179;-177;2048;50;558;6;2013031;63388
01/03/2021;2811;875563;444;823528;3073;22105;60;25223809;106501;29861;-318;2022;-26;540;-18;2091700;78669
02/03/2021;2833;878396;445;826342;2814;22151;46;25349150;125341;29833;-28;1992;-30;540;0;2169417;77717
03/03/2021;3370;881766;446;829428;3086;22192;41;25475071;125921;30067;234;1963;-29;533;-7;2255174;85757
04/03/2021;2325;884091;447;831901;2473;22213;21;25580366;105295;29898;-169;1919;-44;529;-4;2329622;74448
05/03/2021;2488;886579;448;834071;2170;22239;26;25670846;90480;30190;292;1892;-27;522;-7;2387189;57567
06/03/2021;4122;890701;449;838095;4024;22276;37;25776266;105420;30405;215;1912;20;527;5;2473868;86679
07/03/2021;2822;893523;450;841040;2945;22304;28;25851415;75149;30087;-318;1978;66;543;16;2543253;69385
08/03/2021;3221;896744;451;843967;2927;22335;31;25956301;104886;30351;264;1960;-18;535;-8;2621289;78036
09/03/2021;3018;899762;452;846719;2752;22371;36;26075166;118865;30586;235;1944;-16;532;-3;2719317;98028
10/03/2021;3476;903238;453;849624;2905;22404;33;26197216;122050;30701;115;1926;-18;530;-2;2830586;111269
11/03/2021;2968;906206;454;852548;2924;22434;30;26551644;354428;31144;443;1943;17;524;-6;2934007;103421
12/03/2021;2956;909162;455;855025;2477;22463;29;26642754;91110;31594;450;1842;-101;529;5;3026665;92658
13/03/2021;3890;913052;457;858927;3902;22495;32;26739625;96871;31536;-58;1974;132;554;25;3149296;122631
14/03/2021;2820;915872;458;861824;2897;22519;24;26806227;66602;31437;-99;2035;61;554;0;3219730;70434
15/03/2021;3372;919244;459;865093;3269;22554;35;26909610;103383;31513;76;2021;-14;576;22;3409400;189670
16/03/2021;3602;922846;460;867982;2889;22590;36;27028039;118429;32193;680;1999;-22;571;-5;3640714;231314
17/03/2021;4219;927065;461;871053;3071;22617;27;27149745;121706;33310;1117;2024;25;578;7;3799928;159214
18/03/2021;3452;930517;462;873595;2542;22643;26;27253651;103906;34194;884;2035;11;570;-8;3862333;131404
19/03/2021;3269;933786;463;876105;2510;22676;33;27353201;99550;34920;726;2034;-1;578;8;3947119;84786
20/03/2021;4932;938718;464;880162;4057;22716;40;27445955;92754;35557;637;2117;83;579;1;4097934;150815
21/03/2021;3607;942325;465;883280;3118;22735;19;27524270;78315;36206;649;2207;90;610;31;4223272;125338
22/03/2021;4050;946375;466;886517;3237;22759;24;27633010;108740;36996;790;2198;-9;625;15;4384398;161126
23/03/2021;5191;951566;467;889855;3338;22790;31;27761740;128730;38800;1804;2208;10;619;-6;4583728;199330
24/03/2021;5090;956656;468;893474;3619;22826;36;27887986;126246;40234;1434;2189;-19;650;31;4800931;217203
25/03/2021;4432;961088;469;896211;2737;22852;26;28006128;118142;41903;1669;2260;71;657;7;4967497;166566
26/03/2021;4321;965409;470;898939;2728;22880;28;28111704;105576;43468;1565;2189;-71;664;7;5113965;146468
27/03/2021;6314;971723;471;903612;4673;22900;20;28220830;109126;45090;1622;2138;-51;683;19;5301234;187269
28/03/2021;4880;976603;472;907282;3670;22926;26;28310275;89445;46273;1183;2420;282;686;3;5470316;169082
29/03/2021;5519;982122;473;911298;4016;22959;33;28429259;118984;47741;1468;2433;13;696;10;5675760;205444
30/03/2021;5800;987922;474;915351;4053;23002;43;28572465;143206;49450;1709;2454;21;739;43;5894004;218244
31/03/2021;1586;989508;475;916425;1074;23008;6;28623999;51534;49957;507;2476;22;746;7;5966066;72062
01/04/2021;9941;999449;476;921462;5037;23050;42;28796342;172343;52728;2771;2155;-321;784;38;6254562;288496
02/04/2021;1393;1000842;477;922527;1065;23062;12;28840706;44364;53044;316;2162;7;791;7;6299544;44982
03/04/2021;12676;1013518;478;935585;13058;23118;56;29008733;168027;57811;4767;2351;189;851;60;6555389;255845
04/04/2021;7381;1020899;479;937459;1874;23141;23;29139690;130957;60157;2346;2618;267;845;-6;6740071;184682
05/04/2021;7148;1028047;480;942738;5279;23173;32;29255140;115450;61991;1834;2884;266;851;6;6984732;244661
06/04/2021;7981;1036028;481;948388;5650;23211;38;29391090;135950;64289;2298;2944;60;879;28;7261650;276918
07/04/2021;9254;1045282;482;954023;5635;23251;40;29539554;148464;67872;3583;3008;64;908;29;7564292;302642
08/04/2021;7261;1052543;483;958639;4616;23287;36;29634468;94914;70482;2610;3063;55;951;43;7785807;221515
09/04/2021;7619;1060162;484;963402;4763;23315;28;29794494;160026;73078;2596;3110;47;1009;58;7996122;210315
10/04/2021;10855;1071017;485;970849;7447;23356;41;29924669;130175;76644;3566;3310;200;1040;31;8243940;247818
11/04/2021;7551;1078568;486;976883;6034;23392;36;30027791;103122;78125;1481;3529;219;1048;8;8598310;354370
12/04/2021;8590;1087158;487;983512;6629;23445;53;30160842;133051;80028;1903;3643;114;1076;28;8854623;256313
13/04/2021;9565;1096723;488;990079;6567;23500;55;30314438;153596;82968;2940;3690;47;1098;22;9205307;350684
14/04/2021;9343;1106066;489;997207;7128;23541;41;30461091;146653;85135;2167;3741;51;1161;63;9522499;317192
15/04/2021;7587;1113653;490;1003558;6351;23589;48;28616881;-1844210;86323;1188;3898;157;1193;32;9769419;246920
16/04/2021;6326;1119979;491;1009070;5512;23620;31;30647651;2030770;87106;783;3933;35;1210;17;10430866;661447
17/04/2021;11800;1131779;492;1019785;10715;23667;47;30796851;149200;88062;956;4074;141;1246;36;10242073;-188793
18/04/2021;7270;1139049;493;1027464;7679;23714;47;30897336;100485;87635;-427;4270;196;1280;34;10479345;237272
19/04/2021;8420;1147469;494;1034539;7075;23763;49;31023843;126507;87595;-40;4285;15;1308;28;10758708;279363
20/04/2021;8372;1155841;495;1045248;10709;23822;59;31162360;138517;86527;-1068;4352;67;1331;23;11154823;396115
21/04/2021;8746;1164587;497;1054349;9101;23883;61;31307784;145424;86355;-416;4282;-70;1353;22;;
22/04/2021;7423;1172010;498;1061712;7363;23927;44;156437201;125129417;86143;-212;4282;0;1378;25;11813231;11813231
23/04/2021;6982;1178992;499;1068798;7086;23962;35;31555615;118414;86001;-142;4133;-149;1390;12;12045041;231810
24/04/2021;8930;1187922;500;1078720;9922;24024;62;31684170;128555;84935;-1066;4318;185;1418;28;12307785;262744
25/04/2021;7073;1194995;504;1086617;7897;24065;55;31787698;103528;84070;-865;4342;24;1399;-19;12564105;256320
26/04/2021;8346;1211087;506;1103466;8196;24169;52;32047312;137371;83215;113;4292;-68;1450;24;13131871;305605
27/04/2021;8340;1219427;507;1111890;8424;24219;50;32182545;135233;83083;-132;4241;-51;1441;-9;13420198;288327
28/04/2021;7614;1227041;508;1119240;7350;24261;42;32317834;135289;83305;222;4179;-62;1454;13;13652375;232177
29/04/2021;7156;1234197;509;1126146;6906;24300;39;32483971;166137;83516;211;4006;-173;1455;1;13825476;173101
30/04/2021;9060;1243257;510;1135367;9221;24342;42;32606441;122470;83328;-188;3984;-22;1449;-6;14051490;226014
01/05/2021;6699;1249956;511;1142860;7493;24396;54;32727614;121173;82483;-845;4257;273;1451;2;14284234;232744
02/05/2021;7378;1257334;512;1151213;8353;24450;54;32856292;128678;81464;-1019;4154;-103;1429;-22;14568067;283833
03/05/2021;7992;1265326;513;1159512;8299;24489;39;32997380;141088;81123;-341;4004;-150;1413;-16;14921768;353701
04/05/2021;7849;1273175;514;1167428;7916;24529;40;33143263;145883;81030;-93;3971;-33;1397;-16;15325183;403415
05/05/2021;6802;1279977;515;1174357;6929;24568;39;33267466;124203;80864;-166;3852;-119;1381;-16;15646182;320999
06/05/2021;6695;1286672;516;1181257;6900;24626;58;33369474;102008;80601;-263;3659;-193;1376;-5;15915924;269742
07/05/2021;7531;1294203;517;1189682;8425;24682;56;33474769;105295;79634;-967;3721;62;1356;-20;16289323;373399
08/05/2021;5375;1299578;518;1196825;7143;24714;32;33562884;88115;77836;-1798;3845;124;1334;-22;16593027;303704
09/05/2021;6198;1305776;519;1204334;7509;24768;54;33682689;119805;76483;-1353;3773;-72;1317;-17;16904612;346777
10/05/2021;6638;1312414;520;1212114;7780;24825;57;33810556;127867;75292;-1191;3726;-47;1317;0;17291634;387022
11/05/2021;5991;1318405;521;1220116;8002;24869;44;33934491;123935;73243;-2049;3639;-87;1326;9;17728592;436958
12/05/2021;5276;1323681;522;1226870;6754;24908;39;34044596;110105;71726;-1517;3561;-78;1327;1;18098470;369878
13/05/2021;4901;1328582;523;1233293;6423;24948;40;34138159;93563;70163;-1563;3276;-285;1332;5;18415541;317071
14/05/2021;5526;1334108;525;1241500;8207;24982;34;34232955;94796;67466;-2697;3306;30;1312;-20;18805191;389650
15/05/2021;4033;1338141;526;1248382;6882;25018;36;34312864;79909;64584;-2882;3490;184;1302;-10;19088652;283461
16/05/2021;4247;1342388;528;1255714;7332;25066;48;34414953;102089;61465;-3119;3370;-120;1264;-38;19378333;289681
17/05/2021;5057;1347445;529;1262366;6652;25111;45;34527851;112898;59828;-1637;3242;-128;1223;-41;19840991;462658
18/05/2021;4676;1352121;531;1268989;6623;25162;51;34635182;107331;57834;-1994;3122;-120;1210;-13;20328984;487993
19/05/2021;3644;1355765;532;1274664;5675;25203;41;34726279;91097;55762;-2072;3013;-109;1099;-111;20714198;385214
20/05/2021;3415;1359180;533;1280135;5471;25231;28;34804668;78389;53678;-2084;2831;-182;1169;70;21025807;311609
21/05/2021;1410;1360590;535;1282946;2811;25253;22;34840040;35372;52255;-1423;2829;-2;1169;0;21138256;112449
22/05/2021;4926;1365516;536;1292326;9380;25324;71;34934254;94214;47749;-4506;2776;-53;1154;-15;21635230;496974
23/05/2021;2590;1368106;537;1297960;5634;25361;37;35002510;68256;44674;-3075;2786;10;1132;-22;21938721;303491
24/05/2021;2967;1371073;538;1303558;5598;25411;50;35099150;96640;41997;-2677;2744;-42;1086;-46;22346755;408034
25/05/2021;3202;1374275;539;1308932;5374;25440;29;35200904;101754;39810;-2187;2633;-111;1058;-28;22809939;463184
26/05/2021;2766;1377041;540;1313448;4516;25478;38;35280385;79481;37715;-2095;2483;-150;1030;-28;23156259;346320
27/05/2021;2237;1378971;541;1317524;4076;25512;34;35349181;68796;35842;-1873;2245;-238;1019;-11;23471446;315187
28/05/2021;2611;1381582;542;1322282;4758;25547;35;35417839;68658;33677;-2165;2174;-71;1009;-10;23779398;307952
29/05/2021;1632;1383214;543;1326484;4202;25566;19;35472792;54953;31088;-2589;2232;58;771;-238;24103276;316957
30/05/2021;2064;1385278;544;1330389;3905;25612;46;35560527;87735;29212;-1876;2095;-137;932;161;24514134;410858
31/05/2021;2167;1387445;545;1334011;3622;25644;32;35649775;89248;27728;-1484;2022;-73;875;-57;24924698;410564
01/06/2021;2063;1389508;546;1337254;3243;25679;35;35731173;81398;26519;-1209;1932;-90;664;-211;25389694;464996
02/06/2021;1666;1391174;547;1340123;2869;25712;33;35800236;69063;25283;-1236;1843;-89;725;61;25758717;369023
03/06/2021;1389;1392563;548;1342645;2522;25724;12;35857878;57642;25138;-145;1759;-84;796;71;26086565;327848
04/06/2021;1582;1394145;549;1345523;2878;25761;37;35917364;59486;22810;-2328;1715;-44;787;-9;26490531;403966
05/06/2021;1264;1395409;550;1348080;2557;25791;30;35969686;52322;21490;-1320;1771;56;761;-26;26843033;352502
06/06/2021;1387;1396796;551;1350578;2498;25843;52;36046646;76960;20333;-1157;1695;-76;734;-27;27244309;401276
07/06/2021;1478;1398274;552;1353147;2569;25873;30;36126403;79757;19207;-1126;1570;-125;719;-15;27642073;397764
08/06/2021;1442;1399716;553;1355419;2272;25886;13;36196710;70307;18367;-840;1506;-64;693;-26;28154554;512481
09/06/2021;1290;1401006;554;1357493;2074;25914;28;36258414;61704;17555;-812;1440;-66;583;-110;28624871;470317
10/06/2021;1081;1402087;555;1359242;1749;25931;17;36314081;55667;16914;-641;1324;-116;673;90;29008156;383285
11/06/2021;1198;1403285;556;1361387;2145;25944;13;36378155;64074;15914;-1000;1306;-18;646;-27;29425889;417733
12/06/2021;808;1404093;557;1363198;1811;25972;28;36432470;54315;14888;-1026;1349;43;607;-39;29901453;475564
13/06/2021;1053;1405146;558;1364997;1799;26001;29;36505176;72706;14112;-776;1288;-61;592;-15;30301148;399695
14/06/2021;1107;1406253;559;1366797;1800;26012;11;36580273;75097;13417;-695;1204;-84;559;-33;30750863;449715
15/06/2021;1016;1407269;562;1368449;1652;26023;11;36659637;79364;12770;-647;1156;-48;549;-10;31399702;648839
16/06/2021;888;1408157;563;1369850;1401;26054;31;36719255;59618;12226;-544;1093;-63;522;-27;31818682;418980
17/06/2021;138;1408295;565;1371000;1150;26076;22;36768582;49327;11732;-494;1011;-82;524;2;32171232;352550
18/06/2021;772;1409607;566;1372491;1491;26087;11;36807720;39138;10996;-736;978;-33;516;-8;32566031;394799
19/06/2021;607;1410214;567;1373900;1409;26155;68;36867939;60219;10123;-873;1015;37;497;-19;33051519;485488
20/06/2021;713;1410927;568;1375107;1207;26175;20;36935394;67455;9615;-508;968;-47;491;-6;33564524;513005
21/06/2021;707;1411634;569;1376098;991;26191;16;37007052;71658;9322;-293;925;-43;467;-24;33951797;387273
22/06/2021;692;1412326;570;1376904;806;26197;6;37073710;66658;9025;-297;891;-34;452;-15;34673535;721738
23/06/2021;542;1412868;571;1377730;826;26214;17;37107405;33695;8723;-302;880;-11;450;-2;34997826;324291
24/06/2021;435;1413303;572;1378350;620;26227;13;37132748;25343;8525;-198;814;-66;455;5;35260036;262210
25/06/2021;831;1414134;573;1380080;1730;26238;11;37199009;66261;7766;-759;806;-8;434;-21;36178279;918243
26/06/2021;602;1414736;574;1381016;936;26273;35;37256226;57217;7385;-381;827;21;417;-17;36753488;575209
27/06/2021;548;1415284;575;1381902;886;26295;22;37321753;65527;7064;-321;793;-34;407;-10;37361991;608503
28/06/2021;119;1415403;576;1382037;135;26299;4;37345316;23563;7043;-21;781;-12;407;0;37533481;171490
29/06/2021;945;1416348;577;1383665;1628;26338;39;37446127;100811;6321;-722;663;-118;378;-29;38298135;764654
30/06/2021;313;1416661;578;1384057;392;26348;10;37469309;23182;6232;-89;687;24;366;-12;38547993;249858
01/07/2021;308;1416969;579;1384450;393;26360;12;37493440;24131;6135;-97;636;-51;359;-7;38784903;236910
02/07/2021;707;1417676;580;1385498;1048;26368;8;37551809;58369;5794;-341;612;-24;344;-15;39668916;884013
03/07/2021;414;1418090;581;1386231;733;26381;13;37609371;57562;5461;-333;660;48;332;-12;40163093;494177
04/07/2021;554;1418644;582;1386786;555;26387;6;37661066;51695;5462;1;661;1;319;-13;40666338;503245
05/07/2021;565;1419209;583;1387291;505;26405;18;37724377;63311;5524;62;624;-37;314;-5;41286798;620460
06/07/2021;760;1419969;584;1388120;829;26419;14;37788554;64177;5417;-107;601;-23;303;-11;41821407;534609
07/07/2021;309;1420278;585;1388436;316;26428;9;37819705;31151;5401;-16;583;-18;298;-5;42081728;260321
08/07/2021;253;1420531;586;1388795;359;26436;8;37844360;24655;5287;-114;533;-50;299;1;42283200;201472
09/07/2021;596;1421127;587;1389546;751;26439;3;37914522;70162;5128;-159;521;-12;298;-1;42986481;703281
10/07/2021;324;1421451;588;1390060;514;26450;11;37961124;46602;4926;-202;547;26;284;-14;43313276;326795
11/07/2021;386;1421837;589;1390542;482;26458;8;38027250;66126;4822;-104;536;-11;268;-16;43827240;513964
12/07/2021;416;1422253;590;1390935;393;26472;14;38096960;69710;4830;8;514;-22;252;-16;44263877;436637
13/07/2021;393;1422646;591;1391403;468;26489;17;38161365;64405;4740;-90;506;-8;242;-10;44696309;432432
14/07/2021;272;1422918;592;1391722;319;26492;3;38188253;26888;4690;-50;489;-17;232;-10;44893610;197301
15/07/2021;259;1423177;593;1392062;340;26499;7;38208287;20034;4602;-88;454;-35;233;1;45044828;151218
16/07/2021;732;1423909;594;1392798;736;26504;5;38273980;65693;4594;-8;438;-16;232;-1;45647446;602618
17/07/2021;316;1424225;595;1393133;335;26508;4;38312382;38402;4582;-12;460;22;231;-1;45984252;336806
18/07/2021;497;1424722;596;1393472;339;26512;4;38374242;61860;4724;142;445;-15;230;-1;46369288;385036
19/07/2021;383;1425105;597;1394063;591;26526;14;38524893;150651;4488;-236;448;3;224;-6;46750348;381060
20/07/2021;606;1425711;598;1394616;553;26539;13;38574426;49533;4510;22;428;-20;218;-6;47106167;355819
21/07/2021;276;1425987;599;1394828;212;26544;5;38596993;22567;4569;59;415;-13;213;-5;47256867;150700
22/07/2021;228;1426215;600;1395031;203;26547;3;38613907;16914;4591;22;380;-35;208;-5;47382232;125365
23/07/2021;1155;1427370;601;1395756;725;26553;6;38694350;80443;5046;455;385;5;207;-1;47940596;558364
24/07/2021;550;1427920;602;1396198;442;26560;7;38735929;41579;5151;105;405;20;211;4;48218688;278092
25/07/2021;763;1428683;603;1396648;450;26570;10;38795401;59472;5454;303;389;-16;201;-10;48493274;274586
26/07/2021;901;1429584;604;1397039;391;26576;6;38851705;56304;5953;499;387;-2;200;-1;48762087;268813
27/07/2021;899;1430483;605;1397451;412;26592;16;38914262;62557;6426;473;388;1;191;-9;49022551;260464
28/07/2021;342;1430825;606;1397641;190;26598;6;38935184;20922;6572;146;385;-3;185;-6;49109449;86898
29/07/2021;279;1431104;607;1397822;181;26600;2;38950470;15286;6668;96;360;-25;183;-2;49183566;74117
30/07/2021;540;1431644;608;1398241;419;26601;1;38963289;12819;6786;118;371;11;183;0;49547000;363434
31/07/2021;2138;1433782;609;1399430;1189;26607;6;39070210;106921;7710;924;368;-3;183;0;49722116;175116
01/08/2021;962;1434744;610;1399981;551;26618;11;39121878;51668;8111;401;414;46;189;6;49889674;167558
02/08/2021;1445;1436189;611;1400588;607;26637;19;39188285;66407;8931;820;418;4;187;-2;50079232;189558
03/08/2021;1513;1437702;612;1401231;643;26654;17;39257594;69309;9781;850;429;11;191;4;50075303;-3929
04/08/2021;517;1438219;613;1401482;251;26663;9;39280373;22779;10038;257;456;27;192;1;50319109;243806
05/08/2021;524;1438743;614;1401767;285;26669;6;39296755;16382;10271;233;403;-53;195;3;49079621;-1239488
06/08/2021;3344;1442087;615;1403357;1590;26678;9;39383322;86567;12006;1735;436;33;194;-1;50668439;1588818
07/08/2021;1345;1443432;616;1404202;845;26683;5;39425480;42158;12502;496;453;17;198;4;50800269;131830
08/08/2021;1872;1445304;617;1405064;862;26688;5;39516888;91408;13504;1002;474;21;209;11;50941753;141484
09/08/2021;2134;1447438;618;1406010;946;26692;4;29934113;-9582775;14681;1177;515;41;224;15;51094124;152371
10/08/2021;2412;1449850;619;1407049;1039;26698;6;39665723;71570;16038;1357;526;11;226;2;51235069;140945
11/08/2021;708;1450558;620;1407376;327;26700;2;39691070;25347;16417;379;543;17;226;0;51294077;59008
12/08/2021;654;1451212;621;1407704;328;26700;0;39712101;21031;16743;326;502;-41;232;6;51337267;43190
13/08/2021;4745;1455957;622;1410099;2395;26704;4;39820863;108762;19058;2315;543;41;251;19;51470883;133616
14/08/2021;1752;1457709;623;1411287;1188;26719;15;39875035;54172;19610;552;634;91;264;13;51756002;285119
15/08/2021;2408;1460117;624;1412635;1348;26761;42;39949567;74532;20615;1005;652;18;277;13;51880089;124087
16/08/2021;2829;1462946;625;1414265;1630;26783;22;40025336;75769;21780;1165;690;38;274;-3;52006744;126655
17/08/2021;2951;1465897;626;1415823;1558;26789;6;40117319;91983;23150;1370;723;33;283;9;52143102;136358
18/08/2021;879;1466776;627;1416392;569;26790;1;40095722;-21597;23459;309;743;20;278;-5;52193795;50693
19/08/2021;942;1467718;628;1416925;533;26792;2;40170772;75050;23866;407;714;-29;286;8;52229510;35715
20/08/2021;5898;1473616;629;1422594;5669;26814;22;40271170;100398;24057;191;793;79;334;48;52436321;206811
21/08/2021;2535;1476151;630;1424635;2041;26849;35;40336540;65370;24517;460;916;123;339;5;52526803;90482
22/08/2021;3157;1479308;631;1427007;2372;26855;6;40437465;100925;25299;782;943;27;352;13;52657910;101107
23/08/2021;3360;1482668;632;1428919;1912;26864;9;40511538;74073;26726;1427;1004;61;368;16;52786491;128581
24/08/2021;3768;1486436;633;1431585;2666;26890;26;40599865;88327;27787;1061;1046;42;379;11;52901364;114873
25/08/2021;1195;1487631;634;1432355;770;26898;8;40632750;32885;28204;417;1096;50;386;7;52941751;40387
26/08/2021;998;1488629;635;1433095;740;26901;3;40657765;25015;28439;235;965;-131;382;-4;52973693;31942
27/08/2021;2718;1491347;636;1435474;2379;26877;-24;40711061;53296;28795;356;983;18;389;7;53104073;130380
28/08/2021;2852;1499165;637;1440929;2551;26932;14;40839042;60310;31030;283;1237;172;440;20;53257056;84241
29/08/2021;3869;1503034;638;1443814;2885;26962;30;40909964;70922;31989;959;1300;63;456;16;53355431;98375
30/08/2021;4029;1507063;639;1446575;2761;26991;29;41011988;102024;33151;1162;1308;8;461;5;53449847;94416
31/08/2021;4149;1511212;640;1449551;2976;27006;15;41107579;95591;34290;1139;1364;56;481;20;53562208;112361
01/09/2021;1311;1512523;641;1450499;948;27015;9;41137899;30320;34644;354;1350;-14;483;2;53610906;48698
02/09/2021;1200;1513723;642;1451235;736;27019;4;41163008;25109;35104;460;1307;-43;493;10;53645845;34939
03/09/2021;409;1514132;643;1451506;271;27020;1;41165897;2889;35241;137;1315;8;495;2;53646851;1006
04/09/2021;11514;1525646;644;1461524;10018;27067;47;41337433;171536;36671;1430;1516;201;561;66;53847485;200634
05/09/2021;3673;1529319;645;1464883;3359;27107;40;41410217;72784;36947;276;1680;164;586;25;53932612;85127
06/09/2021;4170;1533489;646;1468207;3324;27134;27;41500690;90473;37717;770;1731;51;588;2;54030620;98008
07/09/2021;4634;1538123;647;1471743;3536;27170;36;41598434;97744;38782;1065;1769;38;604;16;54129701;99081
08/09/2021;1199;1539322;648;1472824;1081;27186;16;41624702;26268;38883;101;1779;10;611;7;54172675;42974
09/09/2021;1211;1540533;649;1473824;1000;27195;9;41655409;30707;39116;233;1705;-74;617;6;54204374;31699
10/09/2021;10600;1551133;650;1481832;8008;27238;43;41794330;138921;41685;2569;1851;146;658;41;54363133;158759
11/09/2021;4020;1555153;651;1485551;3719;27263;25;41873033;78703;41963;278;1972;121;679;21;54435981;72848
12/09/2021;4273;1559426;652;1489785;4234;27305;42;41974468;101435;41975;12;2031;59;682;3;54522339;86358
13/09/2021;4689;1564115;653;1493623;3838;27325;20;42083629;109161;42781;806;2055;24;696;14;54614805;92466
14/09/2021;5095;1569210;654;1497434;3811;27370;45;42200482;116853;44020;1239;2100;45;707;11;54773928;159123
15/09/2021;1325;1570535;655;1498488;1054;27381;11;42235666;35184;44280;260;2088;-12;699;-8;54817389;43461
16/09/2021;1261;1571796;656;1499483;995;27388;7;42269483;33817;44539;259;2025;-63;700;1;54851886;34497
17/09/2021;10188;1581984;657;1508735;9252;27435;47;42362804;93321;45441;902;2091;66;719;19;55038888;187002
18/09/2021;3773;1585757;658;1512807;4072;27488;53;42446861;84057;45087;-354;2262;171;718;-1;55136439;97551
19/09/2021;3872;1589629;659;1517293;4486;27536;48;42557865;111004;44443;-644;2282;20;741;23;55238363;101924
20/09/2021;4603;1594232;660;1521657;4364;27581;45;42677191;119326;44612;169;2325;43;737;-4;55338251;99888
21/09/2021;4611;1598843;661;1526193;4536;27620;39;42789441;112250;44670;58;2343;18;763;26;55519317;181066
22/09/2021;1263;1600106;662;1527573;1380;27635;15;42831657;42216;44535;-135;2365;22;748;-15;55576227;56910
23/09/2021;1311;1601417;663;1528687;1114;27645;10;42871130;39473;44722;187;2240;-125;749;1;55622135;45908
24/09/2021;11009;1612426;664;1538315;9628;27702;57;43037232;166102;46013;1291;2238;-2;779;30;55782648;160513
25/09/2021;3482;1615908;665;1543360;5045;27755;53;43117420;80188;44403;-1610;2465;227;773;-6;55850956;68308
26/09/2021;4230;1620138;666;1547963;4603;27819;64;43233670;116250;43973;-430;2424;-41;776;3;55960373;109417
27/09/2021;3105;1623243;667;1550939;2976;27853;34;43289832;56162;44068;95;2440;16;776;0;56001554;41181
28/09/2021;5902;1629145;668;1556543;5604;27921;68;43475489;185657;44253;185;2414;-26;749;-27;56149143;147589
29/09/2021;1427;1630572;669;1557718;1175;27940;19;43512609;37120;44486;233;2411;-3;749;0;56199005;49862
30/09/2021;1035;1631607;670;1558915;1197;27947;7;43550804;38195;44317;-169;2297;-114;755;6;56229779;30774
01/10/2021;9210;1640817;671;1568385;9470;28002;55;44213420;662616;44016;-301;2309;12;759;4;56349857;120078
02/10/2021;2668;1643485;672;1573035;4650;28050;48;44291911;78491;41985;-2031;2486;177;754;-5;56445581;95724
03/10/2021;3728;1647213;673;1577417;4382;28112;62;44405526;113615;41275;-710;2500;14;746;-8;56537094;91513
04/10/2021;4079;1651292;674;1581554;4137;28141;29;44525823;120297;41170;-105;2523;23;740;-6;56621899;84805
05/10/2021;4088;1655380;675;1585973;4419;28186;45;44641422;115599;40811;-359;2512;-11;741;1;56721638;99739
06/10/2021;1291;1656671;676;1587032;1059;28193;7;44679870;38448;41036;225;2486;-26;740;-1;56767888;46250
07/10/2021;1115;1657786;677;1588210;1178;28198;5;44715654;35784;40968;-68;2382;-104;740;0;56804490;36602
08/10/2021;531;1658317;678;1588698;488;28203;5;44720350;4696;41001;33;2399;17;738;-2;56807580;3090
09/10/2021;9339;1667656;679;1602058;13360;28290;87;44985763;265413;36895;-4106;2342;-57;736;-2;56973340;165760
10/10/2021;2631;1670287;680;1605901;3843;28369;79;45062654;76891;35604;-1291;2430;88;732;-4;57066130;92790
11/10/2021;3158;1673445;681;1609669;3768;28421;52;45166634;103980;34969;-635;2426;-4;726;-6;57162403;96273
12/10/2021;3428;1676873;682;1613621;3952;28468;47;45281492;114858;34389;-580;2408;-18;732;6;57265094;102691
13/10/2021;964;1677837;683;1614744;1123;28479;11;45319898;38406;34219;-170;2367;-41;735;3;57302717;37623
14/10/2021;821;1678658;684;1615990;1246;28486;7;45352131;32233;33787;-432;2289;-78;739;4;57330760;28043
15/10/2021;6755;1685413;685;1624225;8235;28564;78;45540461;188330;32267;-1520;2258;-31;740;1;57476469;145709
16/10/2021;2222;1687635;686;1628064;3839;28603;39;45623869;83408;30609;-1658;2371;113;713;-27;57552338;75869
17/10/2021;2663;1690298;687;1631838;3774;28644;41;45721718;97849;29458;-1151;2297;-74;692;-21;57632734;80396
18/10/2021;2871;1693169;688;1635283;3445;28667;23;45823670;101952;28862;-596;2290;-7;684;-8;57721093;88359
19/10/2021;2771;1695940;689;1638259;2976;28729;62;45918322;94652;28615;-247;2211;-79;666;-18;57813302;92209
20/10/2021;645;1696585;690;1639081;822;28741;12;45950442;32120;28426;-189;2192;-19;648;-18;57846896;33594
21/10/2021;658;1697243;691;1639988;907;28743;2;45979041;28599;28175;-251;2056;-136;644;-4;57871465;24569
22/10/2021;5398;1702641;692;1646753;6765;28805;62;46120539;141498;26741;-1434;2011;-45;641;-3;58004865;133400
23/10/2021;1750;1704391;693;1649582;2829;28841;36;46178536;57997;25623;-1118;2108;97;639;-2;58076487;71622
24/10/2021;2513;1706904;694;1652755;3173;28881;40;46320502;141966;24924;-699;2078;-30;632;-7;58150203;73716
25/10/2021;2643;1709547;695;1655285;2530;28928;47;46420313;99811;24981;57;2022;-56;633;1;58229941;79738
26/10/2021;2589;1712136;696;1657951;2666;28952;24;46515235;94922;24857;-124;1999;-23;625;-8;58313836;83895
27/10/2021;578;1712714;697;1658569;618;28962;10;46545569;30334;24807;-50;1984;-15;622;-3;58341652;27816
28/10/2021;542;1713256;698;1659365;796;28966;4;46573619;28050;24549;-258;1875;-109;624;2;58362110;20458
29/10/2021;5246;1718502;699;1665176;5811;29023;57;46706425;132806;23974;-575;1831;-44;588;-36;58472406;110296
30/10/2021;1853;1720355;700;1667744;2568;29056;33;46763523;57098;23227;-747;1948;117;583;-5;58516645;44239
31/10/2021;2230;1722585;701;1670352;2608;29095;39;47022312;258789;22800;-427;1959;11;580;-3;58591901;75256
01/11/2021;2588;1725173;703;1672886;2534;29115;20;47000591;-21721;22851;51;1918;-41;550;-30;58650677;58776
02/11/2021;2534;1727707;704;1675151;2265;29132;17;47095011;94420;23106;255;1875;-43;534;-16;58739700;89023
03/11/2021;722;1728429;705;1675784;633;29135;3;47127580;32569;23192;86;1854;-21;536;2;58753320;13620
04/11/2021;846;1729275;706;1676438;654;29143;8;47157101;29521;23376;184;1738;-116;529;-7;58770174;16854
05/11/2021;5835;1735110;707;1681744;5306;29193;50;47343211;186110;23880;504;1675;-63;510;-19;57768294;-1001880
06/11/2021;2288;1737398;708;1684326;2582;29217;24;47413286;70075;23534;-346;1827;152;514;4;58951031;62737
07/11/2021;2628;1740026;709;1686755;2429;29240;23;47509389;96103;23697;163;1776;-51;506;-8;59024838;73807
08/11/2021;1557;1741583;710;1687828;1073;29256;16;47575047;65658;24165;468;1771;-5;496;-10;59059961;35123
09/11/2021;3841;1745424;711;1691572;3744;29310;54;47699290;124243;24255;90;1670;-101;486;-10;59162075;102114
10/11/2021;-226;1745198;712;1692300;728;29318;8;47728080;28790;24293;38;1717;47;488;2;59182388;20313
11/11/2021;1841;1747039;713;1693036;736;29327;9;47754509;26429;24389;96;1578;-139;488;0;59198804;16416
12/11/2021;5498;1752537;714;1698579;5543;29382;55;47930845;176336;24263;-126;1555;-23;489;1;59334072;135268
13/11/2021;1838;1754375;715;1701340;2761;29403;21;47994317;63472;23323;-940;1715;160;479;-10;59390306;56234
14/11/2021;2449;1756824;716;1703906;2566;29431;28;48081430;87113;23216;-107;1690;-25;478;-1;59470522;80216
15/11/2021;2736;1759560;717;1706548;2642;29462;31;48180683;99253;23317;101;1653;-37;462;-16;59527846;57324
16/11/2021;2878;1762438;718;1708406;1858;29480;18;48275115;94432;23622;305;1631;-22;457;-5;59616539;88693
17/11/2021;1048;1763486;719;1709173;767;29487;7;48308923;33808;23896;274;1645;14;458;1;59635048;18509
18/11/2021;893;1764379;720;1709987;814;29491;4;48341108;32185;23971;75;1466;-179;463;5;59649319;14271
19/11/2021;5723;1770102;721;1716453;6466;29526;35;48512927;171819;23945;-26;1449;-17;467;4;59756137;106818
20/11/2021;2228;1772330;722;1719125;2672;29555;29;48572326;59399;23463;-482;1625;176;466;-1;59772942;16805
21/11/2021;2616;1774946;724;1721427;2302;29580;25;48665556;93230;23770;307;1607;-18;468;2;59842420;58977
22/11/2021;4170;1779116;725;1725101;3674;29600;20;48766295;100739;24234;464;1518;-89;470;2;59913206;70786
23/11/2021;3055;1782171;726;1727524;2423;29618;18;48863250;96955;24860;626;1517;-1;469;-1;59999590;86384
24/11/2021;1012;1783183;727;1728328;804;29625;7;48897915;34665;25061;201;1503;-14;457;-12;60037071;37481
25/11/2021;1067;1784250;728;1729022;694;29630;5;48929826;31911;25422;361;1363;-140;458;1;60077432;40361
26/11/2021;5892;1790142;729;1734556;5534;29669;39;49113885;184059;25764;342;1412;49;464;6;60272586;195154
27/11/2021;2358;1792500;730;1737256;2700;29687;18;49180933;67048;25489;-275;1538;126;464;0;60373862;101276
28/11/2021;3140;1795640;731;1739899;2643;29714;27;49278854;97921;25891;402;1568;30;459;-5;60457636;83774
29/11/2021;3232;1798872;732;1742524;2625;29737;23;49364960;86106;26486;595;1519;-49;453;-6;60548788;91152
30/11/2021;3488;1802360;733;1745292;2768;29757;20;49474177;109217;27189;703;1473;-46;447;-6;61495494;946706
01/12/2021;1203;1803563;734;1746172;880;29765;8;49513648;39471;27504;315;1467;-6;460;13;61580825;85331
02/12/2021;1375;1804938;735;1746968;796;29766;1;49547898;34250;28082;578;1320;-147;462;2;61648886;68061
03/12/2021;7306;1812244;736;1753119;6151;29800;34;49744448;196550;29217;1135;1264;-56;467;5;61904017;255131
04/12/2021;2971;1815215;737;1756185;3066;29827;27;49824866;80418;29093;-124;1474;210;458;-9;62060377;156360
05/12/2021;3527;1818742;738;1758980;2795;29852;25;49929388;104522;29796;703;1445;-29;438;-20;62246589;186212
06/12/2021;4267;1823009;739;1761838;2858;29876;24;50062378;132990;31191;1395;1408;-37;435;-3;62422148;175559
07/12/2021;4682;1827691;740;1764867;3029;29900;24;50195928;133550;32824;1633;1391;-17;431;-4;62769265;347117
08/12/2021;1996;1829687;741;1765882;1015;29906;6;50245373;49445;33669;845;1393;2;426;-5;62859235;89970
09/12/2021;1743;1831430;742;1766728;846;29914;8;50286508;41135;34447;778;1299;-94;442;16;62925745;66510
10/12/2021;9490;1840920;743;1774140;7412;29941;27;50520266;233758;36727;2280;1310;11;450;8;63199346;273601
11/12/2021;4336;1845256;744;1777480;3340;29969;28;50614433;94167;37696;969;1480;170;464;14;63419661;220315
12/12/2021;5801;1851057;745;1780679;3199;29994;25;50735811;121378;40272;2576;1462;-18;432;-32;63582605;162944
13/12/2021;6942;1857999;746;1784078;3399;30012;18;50875599;139788;43785;3513;1407;-55;443;11;63875299;292694
14/12/2021;8877;1866876;747;1788216;4138;30032;20;51016250;140651;48482;4697;1448;41;434;-9;64197951;322652
15/12/2021;3966;1870842;748;1789626;1410;30038;6;51074479;58229;50562;2080;1461;13;429;-5;64377124;179173
16/12/2021;4899;1875741;749;1790991;1365;30040;2;51132220;57741;53648;3086;1369;-92;435;6;64524587;147463
17/12/2021;21623;1896462;755;1800387;9396;30063;23;51430250;298030;65865;12217;1429;60;464;29;64986433;461846
18/12/2021;11309;1907771;756;1805006;4619;30085;22;51655650;225400;72524;6659;1580;151;468;4;65361893;375460
19/12/2021;14456;1922227;757;1809406;4400;30112;27;51711731;56081;82529;10005;1610;30;460;-8;65807168;445275
20/12/2021;20192;1942419;758;1814281;4875;30131;19;51893323;181592;100999;18470;1661;51;469;9;66278145;470977
21/12/2021;16478;1958897;759;1816969;2688;30143;12;52006768;113445;111556;10557;1718;57;456;-13;66577577;299432
22/12/2021;10;1958907;760;1816968;-1;30143;0;52010378;3610;111566;10;1718;0;456;0;66577577;0
23/12/2021;5;1958912;761;1816969;1;30143;0;52010412;34;111570;4;1718;0;456;0;66577577;0
24/12/2021;74223;2033135;762;1838117;21148;30189;46;52237897;227485;158311;46741;1884;166;475;19;66710020;132443
25/12/2021;25621;2058756;763;1846188;8071;30218;29;52291584;53687;173946;15635;1975;91;469;-6;66779124;69104
26/12/2021;40814;2102470;764;1864799;18611;30253;35;52793848;502264;206960;33014;2376;401;495;26;67593841;814717
27/12/2021;35840;2138310;765;1878245;13446;30280;27;52949444;155596;229297;22337;2756;380;519;24;67967589;373748
28/12/2021;24752;2163062;766;1884159;5914;30306;26;53061049;111605;248051;18754;2959;203;537;18;68229041;261452
29/12/2021;0;2163062;767;1884159;0;30306;0;53061049;0;248051;0;2959;0;537;0;68229041;0
30/12/2021;37261;2200323;768;1894916;10757;30335;29;53061674;625;272633;24582;2959;0;537;0;68229041;0
31/12/2021;88882;2289205;769;1950229;55313;30399;64;53266129;204455;305551;32918;3454;495;583;46;68383282;154241
01/01/2022;66038;2355243;770;1980647;30418;30456;57;53668894;402765;343287;37736;4017;563;660;77;69067801;684519
02/01/2022;39410;2394653;771;2003798;23151;30524;68;53777613;108719;359537;16250;5029;1012;700;40;69455947;388146
03/01/2022;43169;2437822;772;2030568;26770;30584;60;54083753;306140;375712;16175;5491;462;752;52;69874074;418127
04/01/2022;44320;2482142;773;2063334;32766;30668;84;54259478;175725;387092;11380;5941;450;792;40;70296553;422479
05/01/2022;15982;2498124;774;2075722;12388;30699;31;54321034;61556;389400;2308;6083;142;841;49;70514589;218036
06/01/2022;14092;2512216;775;2087125;11403;30721;22;54375368;54334;391230;1830;5912;-171;867;26;70657826;143237
07/01/2022;83744;2595960;776;2160694;73569;30862;141;54704053;328685;401542;10312;6648;736;891;24;71251633;593807
08/01/2022;28827;2624787;777;2191716;31022;30957;95;54833909;129856;399275;-2267;7792;1144;979;88;71603662;352029
09/01/2022;32597;2657384;778;2227905;36189;31082;125;54980541;146632;395280;-3995;8279;487;1021;42;72025062;421400
10/01/2022;31158;2688542;779;2271361;43456;31190;108;55129791;149250;382755;-12525;8708;422;1026;4;72433868;408806
11/01/2022;31869;2720411;780;2323277;51916;31323;133;55279817;150026;362593;-20162;9154;446;1051;25;72887692;453824
12/01/2022;13231;2733642;781;2347918;24641;31367;44;55341946;62129;350510;-12083;9324;170;1085;34;73057174;169482
13/01/2022;13000;2746642;782;2364904;16986;31411;44;55400510;58564;345784;-4726;8987;-338;1109;24;73176771;119597
14/01/2022;54809;2801451;783;2438396;73492;31679;268;55667985;267475;328294;-17490;10038;1051;1145;36;73797497;620726
15/01/2022;21163;2822614;784;2467670;29274;31827;148;55761191;93206;320124;-8170;10528;490;1183;38;74045628;248131
16/01/2022;22298;2844912;785;2499917;32247;32008;181;55871410;110219;310347;-9777;10587;59;1193;10;74397589;351961
17/01/2022;23950;2868862;786;2538130;38213;32220;212;55993275;121865;295977;-14370;10534;-53;1195;2;74712636;315047
18/01/2022;23159;2892021;787;2570471;32341;32380;160;56103936;110661;286829;-9148;10626;92;1187;-8;75026797;314161
19/01/2022;8737;2900758;788;2581983;11512;32437;57;56146896;42960;283981;-2848;10565;-61;1198;11;75141390;114593
20/01/2022;8290;2909048;789;2592863;10880;32496;59;56183982;37086;281327;-2654;10348;-217;1200;2;75233123;91733
21/01/2022;27630;2936678;790;2630145;37282;32744;248;56335170;151188;273881;-7446;10500;152;1217;17;74131341;-1101782
22/01/2022;23385;2960063;791;2668370;38225;32965;221;56436923;101753;258942;-14939;10805;305;1249;32;75783320;46087
23/01/2022;18764;2978827;792;2696988;28618;33192;227;56535034;98111;248687;-10255;10880;75;1207;-42;76110373;327053
24/01/2022;18250;2997077;793;2732937;35949;33373;181;56637723;102689;230864;-17823;10429;-451;1185;-22;76597141;486768
25/01/2022;17942;3015019;794;2755871;22934;33522;149;56736188;98465;225836;-5028;10320;-109;1194;9;76862555;265414
26/01/2022;6358;3021377;795;2764279;8408;33580;58;56771200;35012;223791;-2045;10246;-74;1184;-10;76960743;98188
27/01/2022;396;3021773;796;2764408;129;33585;5;56772022;822;223990;199;10251;5;1183;-1;76965652;4909
28/01/2022;26813;3053893;797;2811766;39676;33873;229;56944425;145488;208268;-13288;9713;-127;1165;-11;77519860;484237
29/01/2022;10715;3064608;798;2828322;16556;34032;159;57006208;61722;202280;-5988;9837;124;1151;-14;77691111;170194
30/01/2022;15459;3080067;799;2847238;18916;34212;180;57079257;73049;198632;-3648;9561;-276;1119;-32;77872444;181333
31/01/2022;14217;3094284;800;2880687;33449;34381;169;57165386;86129;179231;-19401;9202;-359;1096;-23;78058798;186354
01/02/2022;14120;3108404;801;2898609;17922;34537;156;57237219;71833;175281;-3950;8877;-325;1064;-32;78220025;161227
02/02/2022;4891;3113295;802;2904774;6165;34603;66;57263376;26157;173559;-1722;8720;-157;1043;-21;78290446;70421
03/02/2022;4277;3117572;803;2911491;6717;34665;62;57284098;20722;170708;-2851;8436;-284;1028;-15;78294716;4270
04/02/2022;20466;3138038;804;2941467;29976;34847;182;57427186;143088;161736;-8972;8245;-191;1018;-10;78635011;288548
05/02/2022;8907;3146945;805;2954048;12581;34969;122;57451109;23923;157929;-3807;8379;134;1019;1;78763368;128357
06/02/2022;11139;3158084;806;2969576;15528;35118;149;57549055;97946;153389;-4540;8021;-358;992;-27;78893029;129661
07/02/2022;10439;3168523;807;2987568;17992;35231;113;57616753;67698;144411;-8978;7663;-358;967;-25;79025068;132039
08/02/2022;7721;3176244;808;2995614;8046;35332;101;57663724;46971;142967;-1444;7543;-120;954;-13;79153563;128495
09/02/2022;3783;3180027;809;2999370;3756;35371;39;57684871;21147;142646;-321;7399;-144;936;-18;79204588;51025
10/02/2022;3072;3183099;810;3003154;3784;35393;22;57699671;14800;141574;-1072;7226;-173;924;-12;79245048;40460
11/02/2022;18102;3201201;811;3028992;25838;35580;187;57838435;138764;131787;-9787;6749;-477;855;-69;79450856;205808
12/02/2022;6034;3207235;812;3038543;9551;35679;99;57882537;44102;129747;-2040;6862;113;841;-14;79535531;84675
13/02/2022;7837;3215072;813;3047688;9145;35788;109;57938337;55800;125587;-4160;6582;-280;808;-33;79629674;94143
14/02/2022;7446;3222518;814;3061474;13786;35880;92;57995834;57497;118500;-7087;6282;-300;784;-24;79684890;55216
15/02/2022;9861;3232379;815;2646738;-414736;35996;116;58066886;71052;84061;-34439;6212;-70;765;-19;80301483;616593
16/02/2022;2444;3234823;816;2649361;2623;36006;10;58082693;15807;83672;-389;6116;-96;743;-22;80344410;42927
17/02/2022;2180;3237003;817;2652032;2671;36023;17;58101326;18633;82950;-722;5975;-141;738;-5;80378110;33700
18/02/2022;5026;3242029;818;2660890;8858;36046;23;58157360;56034;79087;-3863;5920;-55;738;0;80428053;49943
19/02/2022;10759;3252788;819;2670220;9330;36161;115;58214374;57014;76993;-2094;5717;-203;697;-41;80575657;147604
20/02/2022;7190;3259978;820;2683655;13435;36254;93;58277268;62894;71984;-5009;5662;-55;682;-15;80652523;76866
21/02/2022;7635;3267613;821;2694287;10632;36377;123;58344197;66929;66907;-5077;5375;-287;648;-34;80725220;72697
22/02/2022;7441;3275054;822;2701498;7211;36463;86;58404272;60075;66491;-416;5160;-215;640;-8;80794153;68933
23/02/2022;2338;3277392;823;2703651;2153;36497;34;58420324;16052;66642;151;5181;21;627;-13;80823225;29072
24/02/2022;2001;3279393;824;2705732;2081;36507;10;58435758;15434;66552;-90;4999;-182;624;-3;80851122;27897
25/02/2022;9863;3289256;825;2719590;13858;36562;55;58516999;81241;62598;-3954;4853;-146;617;-7;80929348;78226
26/02/2022;4170;3293426;826;2722069;2479;36638;76;58561025;44026;62747;149;4839;-14;589;-28;80998307;68959
27/02/2022;7632;3301058;831;2729124;7055;36729;91;58614310;53294;62762;15;4727;-112;574;-15;81041241;42934
28/02/2022;5343;3306401;832;2735690;6566;36819;90;58653184;38874;60015;-2747;4619;-108;572;-2;81078040;36799
01/03/2022;8523;3314924;834;2743333;7643;37222;403;58716987;63803;60468;453;4454;-165;551;-21;81111366;33326
02/03/2022;37614;3352538;842;2781194;37861;36846;-66;58977561;260574;57233;-3235;3935;-519;488;-63;81353527;242161
03/03/2022;0;3314924;843;2743333;0;36912;0;58716987;0;60468;0;4454;0;551;0;80893589;-217777
04/03/2022;14917;3329841;844;2755689;12356;37043;131;58808297;91310;59962;-506;4196;-258;531;-20;81224877;113511
05/03/2022;3557;3333398;845;2759228;3539;37077;34;58838469;30172;59360;-602;4166;-30;529;-2;81245426;20549
06/03/2022;7275;3340673;846;2765987;6759;37134;57;58888318;49849;61229;1869;4040;-126;516;-13;81273751;28325
07/03/2022;6020;3346693;847;2773698;7711;37182;48;58935089;46771;61083;-146;3941;-99;507;-9;81318416;44665
08/03/2022;5845;3352538;848;2781194;7496;36846;-336;58982387;47298;57233;-3850;3935;-6;488;-19;81353527;35111
09/03/2022;2015;3354553;849;2782916;1722;36866;20;58995392;13005;57506;273;3940;5;482;-6;81369756;16229
10/03/2022;1631;3356184;850;2784551;1635;36875;9;59007266;11904;57493;-13;3940;0;478;-4;81384898;15142
11/03/2022;8532;3364716;851;2750551;7650;36943;68;59071140;63874;53585;-1258;3848;-92;466;1;81443985;59087
12/03/2022;6047;3370763;852;2754668;4117;36989;46;59100141;29001;53053;-532;3825;-23;462;-10;81471364;27379
13/03/2022;5860;3376623;853;2734187;4681;37019;30;58610744;39254;49375;427;3715;-110;431;-31;81499452;28088
14/03/2022;5855;3382478;854;2739990;5803;37100;81;58655797;45053;48311;-1064;3588;-127;412;-19;81532794;33342
15/03/2022;8781;3391259;855;2743520;3530;37150;50;58696243;40446;49179;868;3527;-61;405;-19;81561872;29078
16/03/2022;2078;3393337;856;2745224;1704;37166;16;58708423;12180;49537;358;3525;-2;397;-8;81577193;15321
17/03/2022;1680;3395017;857;2746744;1520;37169;3;58719390;10967;49694;157;3463;-62;394;-3;81589129;11936
18/03/2022;5468;3400485;858;2751694;4950;37209;40;58772300;52910;49373;-321;3447;-16;403;9;71334117;-10255012
19/03/2022;6919;3408626;859;2759813;8119;37240;31;58804734;32434;49412;39;3589;142;403;0;71350625;-10283492
20/03/2022;7355;3417203;860;2239055;2921;37746;506;58854389;45929;43950;1121;3558;-31;396;-8;81677686;21951
21/03/2022;9822;3427025;861;2243607;4552;37366;80;58903598;49209;45033;1083;3614;56;396;0;81711472;33786
22/03/2022;6405;3433430;862;2246942;3335;37411;45;58942696;39098;46892;1859;3617;3;395;-1;81736043;24571
23/03/2022;2754;3436184;863;2248863;1921;37420;9;58960037;17341;47716;824;3657;40;391;-4;81747684;11641
24/03/2022;2215;3438399;864;2250501;1638;37424;4;58976103;16066;48289;573;3503;-154;391;0;81758042;10358
25/03/2022;8522;3446921;865;2256088;5587;37461;37;59026366;50263;50390;2101;3707;204;385;-6;81803755;45713
26/03/2022;9792;3456713;866;2263884;7796;37506;45;59065547;39181;52032;1642;3885;178;392;7;81820428;16673
27/03/2022;11493;3468206;867;2267584;3700;37571;65;59124930;59383;54374;2342;3931;46;381;-11;81861912;41484
28/03/2022;12519;3480725;868;2271040;3456;37629;58;59178436;53506;57478;3104;3977;46;389;8;63267744;-18594168
29/03/2022;7757;3489741;869;2275411;4371;37674;45;59220267;41831;59897;2419;4002;25;379;-10;81932528;34743
30/03/2022;4167;3493908;870;2277842;2431;37689;15;59236268;16001;61208;1311;4053;51;377;-2;81943426;10898
31/03/2022;3077;3496985;871;2279693;1851;37699;10;59250363;14095;62424;1216;4053;0;377;0;81943426;0
01/04/2022;11163;3508148;872;2158451;8096;37724;25;57486560;64414;60231;1637;4239;186;386;9;82003931;60505
02/04/2022;-14636;3493512;873;2167517;9066;37775;51;57527424;40864;62019;1788;4489;250;393;7;82024678;20747
03/04/2022;13597;3532908;874;2171978;4461;37853;78;57566891;39467;62568;549;4558;69;384;-9;82070581;45903
04/04/2022;10416;3543324;875;2176721;4743;37935;82;57723540;156649;67979;5411;4713;155;366;-18;82125441;54860
05/04/2022;8557;3551881;876;2182545;5824;37977;42;57763212;39672;69993;2014;4771;58;367;1;82185535;60094
06/04/2022;3797;3555678;877;2184845;2300;37988;11;57781890;18678;71479;1486;4824;53;369;2;82215979;30444
07/04/2022;3481;3559159;878;2187187;2342;38003;15;57798706;16816;72603;1124;4613;-211;374;5;82240840;24861
08/04/2022;11393;3570552;879;2198524;11337;38044;41;57869248;70542;72046;-557;4876;263;394;20;82331735;90895
09/04/2022;11090;3581642;880;2210523;11999;38095;51;57910015;40767;71090;-956;5301;425;402;8;82387496;55761
10/04/2022;13969;3595611;881;2215875;5352;38165;70;57974969;64954;73072;1982;5449;148;413;11;82484054;96558
11/04/2022;18483;3614094;882;2221502;5627;38288;123;58066389;91420;75197;2125;5711;262;433;20;82610522;126468
12/04/2022;0;3614094;883;2221502;0;38288;0;58066389;0;75197;0;5711;0;433;0;82610522;0
